,Symbol,Series,Date,Prev Close,Open Price,High Price,Low Price,Last Price,Close Price,Average Price,Total Traded Quantity,Turnover,No. of Trades,Deliverable Qty,% Dly Qt to Traded Qty,dra,up,down
0,PVR,EQ,2017-05-15,1526.2,1532.35,1538.15,1515.45,1520.0,1524.95,1526.51,103693,158288331.55,7359,54518,52.58,,,
1,PVR,EQ,2017-05-16,1524.95,1526.7,1545.0,1526.65,1533.25,1539.0,1538.04,86547,133112885.8,6332,39020,45.09,,,
2,PVR,EQ,2017-05-17,1539.0,1539.7,1552.85,1526.05,1527.0,1530.3,1538.01,73902,113662177.5,4665,21303,28.83,,,
3,PVR,EQ,2017-05-18,1530.3,1525.0,1539.35,1502.2,1514.9,1515.05,1519.68,82125,124803466.6,2903,38796,47.24,,,
4,PVR,EQ,2017-05-19,1515.05,1515.0,1534.5,1502.2,1517.65,1513.55,1513.25,114890,173856728.5,9495,54764,47.67,,,
5,PVR,EQ,2017-05-22,1513.55,1498.45,1522.0,1397.05,1492.0,1481.0,1473.33,449726,662596699.1,29357,179657,39.95,,,
6,PVR,EQ,2017-05-23,1481.0,1492.0,1515.0,1445.5,1497.0,1496.45,1476.7,318619,470503326.4,9260,179663,56.39,,,
7,PVR,EQ,2017-05-24,1496.45,1490.0,1530.05,1444.15,1452.0,1450.0,1484.3,107642,159772570.95,5923,33688,31.3,,,
8,PVR,EQ,2017-05-25,1450.0,1450.0,1474.75,1439.05,1474.75,1461.15,1456.94,114328,166568939.3,3930,53461,46.76,,,
9,PVR,EQ,2017-05-26,1461.15,1463.1,1498.0,1451.0,1475.0,1471.5,1473.7,129323,190583763.05,7326,37335,28.87,,,
10,PVR,EQ,2017-05-29,1471.5,1460.05,1485.2,1460.05,1470.15,1472.85,1470.23,82565,121389935.6,2761,37285,45.16,,,
11,PVR,EQ,2017-05-30,1472.85,1470.0,1487.9,1425.05,1447.5,1447.9,1455.43,205277,298765989.55,9267,25865,12.6,,,
12,PVR,EQ,2017-05-31,1447.9,1440.1,1518.0,1440.1,1449.05,1454.95,1477.74,225319,332962606.95,14074,77117,34.23,,,
13,PVR,EQ,2017-06-01,1454.95,1452.0,1469.7,1452.0,1455.0,1455.7,1459.95,59522,86899074.3,3090,23335,39.2,1486.7392857142859,1551.5432407048384,1421.9353307237334
14,PVR,EQ,2017-06-02,1455.7,1457.3,1466.9,1452.35,1460.0,1457.8,1462.45,55880,81721545.75,2865,29238,52.32,1481.9428571428573,1544.4639656662112,1419.4217486195034
15,PVR,EQ,2017-06-05,1457.8,1458.9,1464.65,1440.0,1444.0,1442.25,1452.1,102733,149178094.45,4617,51065,49.71,1475.0321428571428,1531.4789402336628,1418.585345480623
16,PVR,EQ,2017-06-06,1442.25,1445.0,1447.45,1378.85,1390.0,1392.85,1411.78,210916,297766684.65,16465,89785,42.57,1465.2142857142858,1527.7385878027403,1402.6899836258312
17,PVR,EQ,2017-06-07,1392.85,1391.1,1409.0,1387.0,1400.0,1400.7,1400.17,165824,232182354.95,7911,70517,42.53,1457.0464285714286,1521.3765562696562,1392.716300873201
18,PVR,EQ,2017-06-08,1400.7,1400.7,1498.5,1382.3,1461.0,1454.0,1465.71,596919,874912535.05,21846,142853,23.93,1452.7928571428572,1508.2989601634029,1397.2867541223115
19,PVR,EQ,2017-06-09,1454.0,1465.0,1479.85,1443.0,1470.0,1472.25,1471.65,403598,593954013.45,18344,241292,59.79,1452.1678571428572,1506.490208501601,1397.8455057841134
20,PVR,EQ,2017-06-12,1472.25,1477.0,1507.0,1470.0,1495.0,1488.95,1492.22,306349,457140136.25,17326,98821,32.26,1451.632142857143,1504.192680952135,1399.0716047621509
21,PVR,EQ,2017-06-13,1488.95,1490.55,1505.0,1474.0,1500.0,1496.3,1489.41,195198,290729706.2,8620,101610,52.05,1454.939285714286,1512.6332152519283,1397.2453561766436
22,PVR,EQ,2017-06-14,1496.3,1505.5,1550.0,1490.6,1522.0,1522.5,1516.74,221887,336544508.35,10671,76207,34.34,1459.3214285714287,1527.4275642295736,1391.2152929132837
23,PVR,EQ,2017-06-15,1522.5,1525.0,1537.2,1515.0,1522.0,1523.5,1524.31,108982,166122862.9,5764,36017,33.05,1463.0357142857142,1539.1982472567977,1386.8731813146308
24,PVR,EQ,2017-06-16,1523.5,1521.25,1575.0,1521.25,1569.25,1564.15,1554.11,253525,394006172.25,9899,122687,48.39,1469.5571428571432,1563.0117789700132,1376.1025067442731
25,PVR,EQ,2017-06-19,1564.15,1570.0,1589.95,1545.0,1563.1,1569.9,1567.24,192244,301291606.95,11220,63040,32.79,1478.2714285714287,1584.8565531958748,1371.6863039469827
26,PVR,EQ,2017-06-20,1569.9,1574.0,1589.35,1560.6,1576.95,1570.3,1571.39,113049,177643618.9,11747,46220,40.88,1486.5107142857144,1602.7283230307642,1370.2931055406646
27,PVR,EQ,2017-06-21,1570.3,1574.75,1601.0,1571.0,1581.0,1581.4,1587.72,281799,447419037.95,13220,107563,38.17,1495.4892857142859,1620.5397996834652,1370.4387717451066
28,PVR,EQ,2017-06-22,1581.4,1583.0,1593.75,1557.1,1564.9,1563.95,1577.11,84496,133259841.75,6312,33500,39.65,1503.071428571429,1631.1145025395613,1375.0283546032965
29,PVR,EQ,2017-06-23,1563.95,1573.85,1576.85,1500.55,1502.2,1508.0,1536.0,249486,383210185.25,11393,111611,44.74,1507.7678571428573,1630.931410737522,1384.6043035481928
30,PVR,EQ,2017-06-27,1508.0,1509.0,1509.0,1445.0,1459.95,1450.35,1458.02,192943,281315062.4,10464,88049,45.63,1511.8750000000002,1621.636466897015,1402.1135331029855
31,PVR,EQ,2017-06-28,1450.35,1451.35,1458.95,1393.35,1410.85,1405.35,1420.0,238384,338504377.45,13282,116220,48.75,1512.207142857143,1620.538236888662,1403.8760488256241
32,PVR,EQ,2017-06-29,1405.35,1406.1,1449.9,1406.1,1420.0,1417.6,1429.14,200303,286260827.25,9625,61637,30.77,1509.607142857143,1625.4433458943013,1393.7709398199845
33,PVR,EQ,2017-06-30,1417.6,1420.0,1430.0,1383.4,1408.0,1408.55,1401.62,229464,321620535.4,22115,119244,51.97,1505.0571428571427,1631.7132360152132,1378.4010496990722
34,PVR,EQ,2017-07-03,1408.55,1415.0,1444.0,1406.6,1440.0,1440.4,1433.98,197905,283792055.85,18581,72803,36.79,1501.5892857142858,1632.7245428320439,1370.4540285965277
35,PVR,EQ,2017-07-04,1440.4,1442.0,1445.0,1421.55,1421.6,1425.75,1430.29,63910,91409589.1,6096,22712,35.54,1496.55,1633.8386683653766,1359.2613316346233
36,PVR,EQ,2017-07-05,1425.75,1425.8,1431.85,1402.1,1403.55,1407.2,1408.8,180666,254522799.25,10741,110937,61.4,1488.314285714286,1632.554493639876,1344.0740777886958
37,PVR,EQ,2017-07-06,1407.2,1414.15,1439.0,1408.0,1425.0,1421.2,1425.73,120416,171681176.2,14248,48969,40.67,1481.007142857143,1627.9093021183476,1334.1049835959384
38,PVR,EQ,2017-07-07,1421.2,1424.25,1465.0,1415.0,1418.0,1419.05,1441.63,317775,458114598.9,16051,115716,36.41,1470.642857142857,1612.6698202229645,1328.6158940627497
39,PVR,EQ,2017-07-10,1419.05,1430.2,1432.8,1418.2,1428.0,1425.4,1427.25,18091,25820466.05,936,8931,49.37,1460.3214285714287,1591.8934370177292,1328.7494201251282
40,PVR,EQ,2017-07-11,1425.4,1423.0,1425.25,1410.0,1417.15,1419.3,1418.31,84915,120435871.9,5905,29124,34.3,1449.5357142857142,1566.1814068012013,1332.8900217702271
41,PVR,EQ,2017-07-12,1419.3,1422.0,1444.0,1415.05,1422.0,1419.6,1428.55,155733,222472988.8,14142,83388,53.55,1437.9785714285713,1527.1770856822009,1348.7800571749417
42,PVR,EQ,2017-07-13,1419.6,1424.75,1439.9,1411.55,1418.05,1417.7,1423.41,86039,122468768.6,6790,28884,33.57,1427.5321428571426,1479.7825695339848,1375.2817161803005
43,PVR,EQ,2017-07-14,1417.7,1424.0,1425.95,1397.15,1404.05,1403.2,1408.63,164077,231124554.55,10041,107820,65.71,1420.0464285714284,1446.095626530016,1393.9972306128407
44,PVR,EQ,2017-07-17,1403.2,1406.0,1413.45,1370.15,1382.2,1381.95,1385.46,218713,303017140.8,11975,103877,47.49,1415.1607142857142,1442.3589658859523,1387.962462685476
45,PVR,EQ,2017-07-18,1381.95,1380.0,1394.0,1371.5,1384.0,1382.0,1382.95,211740,292826782.85,10090,148152,69.97,1413.4928571428572,1445.6875021142673,1381.2982121714472
46,PVR,EQ,2017-07-19,1382.0,1389.0,1401.3,1357.15,1385.3,1387.15,1377.9,336806,464085138.25,22936,187620,55.71,1411.3178571428575,1446.3099794902316,1376.3257347954834
47,PVR,EQ,2017-07-20,1387.15,1395.95,1413.45,1380.05,1383.5,1385.8,1395.62,378948,528868291.5,16032,206958,54.61,1409.6928571428575,1447.2571171032719,1372.1285971824432
48,PVR,EQ,2017-07-21,1385.8,1391.9,1392.0,1344.4,1370.95,1367.5,1371.28,252029,345601852.9,14355,120894,47.97,1404.4857142857145,1443.8799627642268,1365.0914658072022
49,PVR,EQ,2017-07-24,1367.5,1370.0,1383.4,1367.0,1370.0,1369.4,1372.31,134339,184355075.65,11930,73412,54.65,1400.4607142857146,1441.9548321000118,1358.9665964714175
50,PVR,EQ,2017-07-25,1369.4,1374.7,1398.0,1372.6,1381.0,1381.7,1386.8,243186,337250910.7,16199,133080,54.72,1398.639285714286,1441.0868131148018,1356.1917583137702
51,PVR,EQ,2017-07-26,1381.7,1389.0,1404.45,1344.0,1357.0,1354.4,1378.73,686032,945852727.6,27060,246005,35.86,1393.8678571428575,1440.228394193288,1347.5073200924269
52,PVR,EQ,2017-07-27,1354.4,1362.65,1368.6,1318.6,1340.0,1330.3,1336.26,332134,443818859.2,24648,134733,40.57,1387.5285714285717,1442.5232385026923,1332.5339043544511
53,PVR,EQ,2017-07-28,1330.3,1339.35,1352.45,1323.8,1340.0,1340.0,1336.4,109277,146038131.2,6322,38091,34.86,1381.4285714285718,1437.2665887270407,1325.5905541301029
54,PVR,EQ,2017-07-31,1340.0,1339.5,1354.0,1331.25,1341.55,1340.55,1343.18,133803,179721358.9,11860,90357,67.53,1375.8035714285718,1431.0706636581838,1320.5364791989598
55,PVR,EQ,2017-08-01,1340.55,1345.0,1378.0,1342.4,1377.0,1375.1,1366.97,301429,412043103.2,12980,191057,63.38,1372.6250000000002,1421.8275288593363,1323.4224711406641
56,PVR,EQ,2017-08-02,1375.1,1380.0,1389.9,1372.35,1375.0,1377.65,1381.13,213112,294336008.2,9220,140077,65.73,1369.764285714286,1411.8148492076548,1327.7137222209171
57,PVR,EQ,2017-08-03,1377.65,1377.0,1385.0,1362.0,1373.2,1374.05,1375.63,202693,278830670.75,8319,151231,74.61,1367.6821428571432,1405.2486501811868,1330.1156355330995
58,PVR,EQ,2017-08-04,1374.05,1374.7,1408.25,1370.55,1400.0,1400.2,1397.94,285632,399297659.0,20296,123494,43.24,1368.9857142857145,1409.8102436498377,1328.1611849215913
59,PVR,EQ,2017-08-07,1400.2,1405.0,1437.2,1381.1,1431.4,1430.45,1413.69,290183,410227956.3,15549,121711,41.94,1372.446428571429,1424.6513570786065,1320.2415000642513
60,PVR,EQ,2017-08-08,1430.45,1437.2,1445.0,1383.6,1410.0,1409.65,1416.52,293605,415896598.5,12056,159940,54.47,1374.0535714285718,1429.493496840411,1318.6136460167327
61,PVR,EQ,2017-08-09,1409.65,1415.0,1430.0,1352.2,1354.2,1358.0,1379.84,228114,314761138.6,19681,111571,48.91,1372.0678571428575,1427.6865812609765,1316.4491330247386
62,PVR,EQ,2017-08-10,1358.0,1349.0,1380.75,1301.1,1339.35,1332.6,1352.85,247374,334661007.05,12146,138339,55.92,1369.5750000000003,1429.0691076591106,1310.08089234089
63,PVR,EQ,2017-08-11,1332.6,1319.0,1340.4,1261.0,1284.65,1285.9,1297.19,354851,460309395.05,16208,136740,38.53,1363.6107142857145,1438.0460055286292,1289.1754230427998
64,PVR,EQ,2017-08-14,1285.9,1284.9,1307.9,1225.0,1293.0,1288.0,1268.79,401325,509197765.9,16925,162694,40.54,1356.9178571428572,1440.6199443068242,1273.2157699788902
65,PVR,EQ,2017-08-16,1288.0,1290.05,1333.45,1274.05,1328.0,1329.2,1296.35,363066,470660546.45,18155,254727,70.16,1355.1178571428572,1440.1268304895016,1270.108883796213
66,PVR,EQ,2017-08-17,1329.2,1329.0,1339.55,1296.5,1304.95,1301.25,1319.87,183800,242591771.9,10502,76560,41.65,1353.0428571428572,1441.9883880734633,1264.0973262122511
67,PVR,EQ,2017-08-18,1301.25,1300.85,1329.0,1285.0,1315.35,1321.75,1304.72,114016,148758735.5,7654,36631,32.13,1351.7392857142859,1442.0329704629683,1261.4456009656035
68,PVR,EQ,2017-08-21,1321.75,1321.75,1328.25,1274.0,1278.35,1280.65,1290.21,160371,206912135.05,7123,76369,47.62,1347.4607142857146,1445.3920652694237,1249.5293633020055
69,PVR,EQ,2017-08-22,1280.65,1280.65,1295.0,1249.0,1270.4,1272.35,1268.66,177930,225731937.8,13303,94365,53.03,1340.1214285714289,1444.329598296084,1235.9132588467737
70,PVR,EQ,2017-08-23,1272.35,1273.0,1282.9,1250.0,1257.7,1255.45,1259.46,173261,218215021.35,10919,92534,53.41,1331.3928571428573,1442.314991003596,1220.4707232821186
71,PVR,EQ,2017-08-24,1255.45,1258.0,1272.0,1253.3,1264.0,1263.55,1262.86,103862,131163063.45,7002,46965,45.22,1323.5000000000002,1437.0415207009173,1209.9584792990831
72,PVR,EQ,2017-08-28,1263.55,1265.0,1284.5,1258.75,1282.65,1276.25,1271.54,183234,232989955.65,19477,104440,57.0,1314.6464285714287,1421.5615240320908,1207.7313331107666
73,PVR,EQ,2017-08-29,1276.25,1275.0,1283.55,1253.1,1263.15,1261.5,1266.11,120692,152809276.4,5951,44382,36.77,1302.5785714285716,1389.4479403266307,1215.7092025305126
74,PVR,EQ,2017-08-30,1261.5,1269.4,1314.0,1266.85,1311.5,1309.95,1294.4,184144,238355169.85,13165,56150,30.49,1295.457142857143,1357.2395757243328,1233.6747099899533
75,PVR,EQ,2017-08-31,1309.95,1307.9,1330.0,1297.1,1322.0,1321.45,1313.26,164554,216102550.25,8247,72235,43.9,1292.8464285714288,1345.6860183952251,1240.0068387476324
76,PVR,EQ,2017-09-01,1321.45,1322.0,1350.0,1309.9,1328.55,1323.4,1331.34,208183,277163161.45,17580,84359,40.52,1292.1892857142861,1343.0925148482372,1241.286056580335
77,PVR,EQ,2017-09-04,1323.4,1322.0,1330.95,1296.15,1301.05,1310.25,1312.69,94097,123520432.4,6439,12983,13.8,1293.9285714285718,1345.5648245591237,1242.2923182980198
78,PVR,EQ,2017-09-05,1310.25,1310.0,1310.0,1285.8,1307.0,1304.9,1299.31,132512,172173999.95,6020,25558,19.29,1295.1357142857146,1346.964744294467,1243.3066842769622
79,PVR,EQ,2017-09-06,1304.9,1304.1,1324.0,1296.75,1310.05,1308.4,1312.85,130353,171134274.05,5693,31945,24.51,1293.6500000000003,1342.3720373452993,1244.9279626547013
80,PVR,EQ,2017-09-07,1308.4,1310.0,1338.0,1303.25,1319.95,1323.65,1325.44,122640,162552380.05,6616,19182,15.64,1295.2500000000005,1346.4550778731939,1244.044922126807
81,PVR,EQ,2017-09-08,1323.65,1322.0,1374.45,1322.0,1371.0,1366.35,1361.4,335483,456725511.4,17634,52547,15.66,1298.4357142857148,1361.0265642998688,1235.8448642715607
82,PVR,EQ,2017-09-11,1366.35,1378.0,1388.8,1338.3,1348.9,1344.85,1362.56,303111,413007096.9,15222,83583,27.58,1303.0214285714287,1369.2977697996018,1236.7450873432556
83,PVR,EQ,2017-09-12,1344.85,1349.7,1365.0,1341.0,1347.25,1346.85,1354.15,99652,134943864.7,7670,21016,21.09,1308.3428571428574,1375.9606956761318,1240.725018609583
84,PVR,EQ,2017-09-13,1346.85,1349.05,1362.95,1316.05,1327.0,1323.35,1342.11,96710,129795232.95,6756,23114,23.9,1313.1928571428573,1373.8502919353398,1252.5354223503748
85,PVR,EQ,2017-09-14,1323.35,1334.7,1345.6,1318.0,1318.25,1321.35,1329.26,72627,96540075.1,6133,31172,42.92,1317.3214285714287,1370.8759976401063,1263.766859502751
86,PVR,EQ,2017-09-15,1321.35,1325.0,1357.0,1310.0,1335.35,1336.35,1340.24,193013,258683787.3,13279,88227,45.71,1321.6142857142856,1370.410635334556,1272.8179360940153
87,PVR,EQ,2017-09-18,1336.35,1348.0,1355.0,1321.65,1334.25,1329.3,1335.07,81988,109460025.15,6677,40762,49.72,1326.4571428571428,1360.9000467180772,1292.0142389962084
88,PVR,EQ,2017-09-19,1329.3,1335.0,1350.0,1320.1,1339.0,1337.8,1335.4,72193,96406610.85,5606,18417,25.51,1328.4464285714282,1361.9876423535495,1294.905214789307
89,PVR,EQ,2017-09-20,1337.8,1338.15,1347.2,1300.0,1308.0,1310.0,1325.14,125823,166732657.3,12654,52772,41.94,1327.6285714285711,1362.4390409917462,1292.818101865396
90,PVR,EQ,2017-09-21,1310.0,1315.9,1324.95,1275.75,1282.45,1281.2,1289.81,339178,437476759.35,25479,188870,55.68,1324.6142857142854,1367.3973777838505,1281.8311936447203
91,PVR,EQ,2017-09-22,1281.2,1274.0,1274.0,1209.4,1224.9,1217.7,1242.22,335055,416210881.35,17688,181207,54.08,1318.0035714285711,1389.3883086928183,1246.618834164324
92,PVR,EQ,2017-09-25,1217.7,1228.7,1228.7,1166.65,1211.35,1214.9,1195.57,366125,437729220.8,14216,170706,46.63,1311.5749999999996,1401.7736845375669,1221.3763154624323
93,PVR,EQ,2017-09-26,1214.9,1210.0,1244.0,1190.25,1201.05,1211.85,1213.97,212923,258481381.55,10109,73940,34.73,1304.6785714285709,1409.5015042855898,1199.855638571552
94,PVR,EQ,2017-09-27,1211.85,1210.1,1233.05,1165.0,1168.0,1174.6,1195.05,203339,242999396.1,11926,58489,28.76,1294.0321428571422,1418.912606360586,1169.1516793536982
95,PVR,EQ,2017-09-28,1174.6,1177.9,1205.95,1142.05,1188.0,1194.65,1185.32,332099,393644793.05,18503,98063,29.53,1281.7678571428567,1409.7406102954335,1153.7951039902798
96,PVR,EQ,2017-09-29,1194.65,1202.0,1232.9,1186.0,1212.0,1204.9,1210.33,213881,258866942.9,10600,47274,22.1,1271.7714285714283,1400.3801297622024,1143.1627273806541
97,PVR,EQ,2017-10-03,1204.9,1216.0,1238.25,1210.25,1230.0,1221.05,1224.08,129232,158190665.8,6728,33456,25.89,1262.785714285714,1386.274875619949,1139.296552951479
98,PVR,EQ,2017-10-04,1221.05,1220.1,1278.0,1220.1,1273.5,1268.6,1249.81,320762,400890408.3,14237,116906,36.45,1258.8749999999998,1377.4729293501937,1140.2770706498059
99,PVR,EQ,2017-10-05,1268.6,1275.0,1324.2,1268.05,1296.0,1293.45,1298.46,404082,524683818.05,12420,188054,46.54,1256.8821428571428,1371.8396306993393,1141.9246550149462
100,PVR,EQ,2017-10-06,1293.45,1311.9,1321.95,1292.85,1310.0,1313.65,1305.54,234043,305552391.35,6068,107969,46.13,1255.2607142857144,1365.9510250184503,1144.5704035529784
101,PVR,EQ,2017-10-09,1313.65,1314.0,1396.1,1310.15,1391.6,1387.6,1359.77,437638,595085793.1,24655,169895,38.82,1259.425,1385.439912121236,1133.410087878764
102,PVR,EQ,2017-10-10,1387.6,1400.0,1415.0,1356.0,1379.0,1376.65,1382.78,282768,391005880.65,13763,56984,20.15,1262.2000000000003,1397.0508749009005,1127.3491250991
103,PVR,EQ,2017-10-11,1376.65,1382.0,1403.15,1330.5,1345.0,1335.65,1369.08,216793,296808041.8,14933,56232,25.94,1264.032142857143,1402.3334115934267,1125.7308741208594
104,PVR,EQ,2017-10-12,1335.65,1335.0,1360.0,1334.95,1357.0,1352.7,1349.35,149647,201925632.25,6319,42845,28.63,1269.139285714286,1415.2326445828337,1123.0459268457382
105,PVR,EQ,2017-10-13,1352.7,1356.0,1434.0,1344.65,1386.0,1404.1,1393.13,438244,610530593.05,20456,90039,20.55,1282.4535714285716,1441.7329460375397,1123.1741968196036
106,PVR,EQ,2017-10-16,1404.1,1389.85,1403.9,1362.0,1371.0,1372.1,1380.34,280485,387165255.95,12320,127363,45.41,1293.6821428571427,1454.6026708163847,1132.7616148979007
107,PVR,EQ,2017-10-17,1372.1,1372.0,1393.45,1348.0,1385.0,1387.6,1362.97,449521,612684768.6,18136,102567,22.82,1306.2357142857143,1467.0776119490902,1145.3938166223384
108,PVR,EQ,2017-10-18,1387.6,1378.1,1385.0,1359.95,1372.0,1369.1,1371.25,311307,426878605.5,12642,195046,62.65,1320.1285714285714,1464.776338378208,1175.4808044789347
109,PVR,EQ,2017-10-19,1369.1,1374.0,1387.0,1355.0,1356.9,1362.65,1369.6,22247,30469543.1,1729,5911,26.57,1332.1285714285714,1458.676675473486,1205.5804673836567
110,PVR,EQ,2017-10-23,1362.65,1361.05,1423.05,1361.05,1418.0,1415.75,1397.01,186223,260155376.4,12313,71257,38.26,1347.1892857142855,1457.6801567508446,1236.6984146777263
111,PVR,EQ,2017-10-24,1415.75,1420.0,1448.0,1413.8,1423.0,1420.85,1434.65,333438,478365418.5,17774,130200,39.05,1361.4607142857142,1451.486532621528,1271.4348959499002
112,PVR,EQ,2017-10-25,1420.85,1430.0,1433.8,1368.1,1389.6,1388.85,1391.69,206081,286800350.4,12941,62560,30.36,1370.0499999999997,1443.2920749191442,1296.8079250808553
113,PVR,EQ,2017-10-26,1388.85,1395.0,1430.0,1390.0,1427.5,1421.45,1413.64,232745,329017486.6,17460,133171,57.22,1379.1928571428568,1442.5317971298932,1315.8539171558205
114,PVR,EQ,2017-10-27,1421.45,1410.0,1436.05,1331.45,1420.0,1421.2,1395.27,762643,1064090228.45,32428,70983,9.31,1386.8749999999998,1441.452929464349,1332.2970705356506
115,PVR,EQ,2017-10-30,1421.2,1425.0,1430.0,1390.1,1398.95,1397.45,1404.09,192813,270726282.05,8499,36577,18.97,1387.5785714285714,1442.449927474197,1332.7072153829458
116,PVR,EQ,2017-10-31,1397.45,1393.0,1404.95,1380.25,1390.0,1387.15,1394.65,115197,160658949.1,7258,32888,28.55,1388.3285714285714,1442.8423341832229,1333.81480867392
117,PVR,EQ,2017-11-01,1387.15,1408.7,1408.7,1368.0,1379.95,1377.5,1386.29,75708,104953058.3,3514,21211,28.02,1391.3178571428568,1437.3122147757888,1345.3234995099249
118,PVR,EQ,2017-11-02,1377.5,1385.0,1388.25,1353.0,1361.6,1363.7,1367.68,112786,154255285.6,8060,34531,30.62,1392.1035714285713,1435.5620478839683,1348.6450949731743
119,PVR,EQ,2017-11-03,1363.7,1361.6,1384.9,1357.0,1364.95,1364.65,1373.32,122714,168525522.05,6930,31312,25.52,1389.2857142857142,1434.474879572769,1344.0965489986595
120,PVR,EQ,2017-11-06,1364.65,1372.75,1415.0,1365.05,1405.05,1403.55,1404.0,168249,236222036.35,10454,65279,38.8,1391.5321428571428,1436.1645492822595,1346.8997364320262
121,PVR,EQ,2017-11-07,1403.55,1406.9,1418.4,1336.55,1343.0,1344.5,1368.39,190385,260520615.45,9613,38958,20.46,1388.4535714285716,1439.7087169756778,1337.1984258814655
122,PVR,EQ,2017-11-08,1344.5,1354.5,1383.0,1350.7,1380.85,1379.9,1367.67,105218,143903223.65,6659,36130,34.34,1389.2250000000004,1439.5418843049129,1338.9081156950879
123,PVR,EQ,2017-11-09,1379.9,1383.0,1400.0,1356.0,1371.85,1366.4,1375.33,112258,154391246.95,7056,35880,31.96,1389.4928571428575,1439.2370003179074,1339.7487139678076
124,PVR,EQ,2017-11-10,1366.4,1378.9,1399.9,1362.55,1395.5,1394.3,1389.89,72183,100326351.35,4102,24411,33.82,1387.9607142857146,1435.4932647290523,1340.428163842377
125,PVR,EQ,2017-11-13,1394.3,1395.0,1440.5,1385.1,1397.7,1398.55,1421.59,311195,442392718.8,15737,74241,23.86,1386.3678571428575,1430.5276127013872,1342.2081015843278
126,PVR,EQ,2017-11-14,1398.55,1412.15,1412.15,1373.5,1402.0,1390.25,1388.19,95558,132652228.95,4926,11380,11.91,1386.4678571428576,1430.658155541121,1342.2775587445942
127,PVR,EQ,2017-11-15,1390.25,1400.0,1422.0,1381.75,1392.0,1386.1,1402.2,152725,214151445.5,8823,37389,24.48,1383.9428571428575,1423.2979243983127,1344.5877898874023
128,PVR,EQ,2017-11-16,1386.1,1392.0,1409.05,1375.5,1394.0,1390.5,1390.49,130358,181261064.25,5681,26123,20.04,1381.7500000000002,1415.1300954047597,1348.3699045952408
129,PVR,EQ,2017-11-17,1390.5,1415.0,1428.95,1390.0,1407.2,1408.05,1411.97,298987,422161988.35,11477,46207,15.45,1382.507142857143,1417.8447422955032,1347.1695434187827
130,PVR,EQ,2017-11-20,1408.05,1408.05,1408.05,1366.15,1379.5,1380.35,1381.88,122552,169352732.8,5982,33563,27.39,1382.0214285714285,1417.2709504293043,1346.7719067135527
131,PVR,EQ,2017-11-21,1380.35,1382.0,1397.9,1365.4,1367.4,1368.2,1382.55,258094,356826957.75,12130,51661,20.02,1381.357142857143,1417.3170747716608,1345.397210942625
132,PVR,EQ,2017-11-22,1368.2,1354.0,1369.75,1311.4,1360.0,1356.15,1350.78,187387,253119463.95,8648,40391,21.55,1380.8178571428573,1418.1198803328398,1343.5158339528748
133,PVR,EQ,2017-11-23,1356.15,1363.0,1373.4,1340.2,1346.4,1349.1,1352.14,126107,170514294.15,7181,33884,26.87,1379.7071428571428,1419.8972077822132,1339.5170779320724
134,PVR,EQ,2017-11-24,1349.1,1345.0,1345.0,1298.6,1303.25,1303.2,1315.91,297338,391270338.8,14958,142793,48.02,1372.5392857142856,1427.4940948210058,1317.5844766075654
135,PVR,EQ,2017-11-27,1303.2,1303.0,1325.0,1237.8,1312.0,1305.2,1293.49,373151,482668225.35,18073,159689,42.79,1369.732142857143,1434.070570268436,1305.3937154458497
136,PVR,EQ,2017-11-28,1305.2,1301.1,1316.05,1281.5,1307.9,1308.65,1296.21,252913,327829279.35,11258,86384,34.16,1364.642857142857,1436.3649474760189,1292.9207668096954
137,PVR,EQ,2017-11-29,1308.65,1316.9,1317.0,1291.0,1310.4,1313.1,1304.99,134823,175942529.85,5931,29445,21.84,1360.8357142857142,1437.6348471791705,1284.0365813922579
138,PVR,EQ,2017-11-30,1313.1,1306.35,1349.9,1291.85,1317.0,1315.95,1307.63,264775,346226433.25,9483,113152,42.74,1355.2392857142856,1432.94729122774,1277.5312802008314
139,PVR,EQ,2017-12-01,1315.95,1310.1,1337.45,1270.0,1285.1,1278.25,1307.62,180667,236244196.5,9042,49538,27.42,1346.6464285714285,1430.1155335355788,1263.1773236072781
140,PVR,EQ,2017-12-04,1278.25,1289.0,1295.0,1263.55,1275.0,1275.35,1275.28,110992,141545768.3,7905,25963,23.39,1338.4392857142855,1425.9377795788728,1250.9407918496981
141,PVR,EQ,2017-12-05,1275.35,1275.0,1280.1,1250.1,1264.75,1269.7,1265.52,65874,83364871.05,7232,10054,15.26,1330.125,1420.197993903661,1240.052006096339
142,PVR,EQ,2017-12-06,1269.7,1275.0,1295.0,1264.0,1268.0,1269.7,1280.01,189854,243015507.7,15789,68485,36.07,1321.4964285714286,1409.781678356826,1233.2111787860313
143,PVR,EQ,2017-12-07,1269.7,1273.0,1291.1,1266.55,1286.3,1286.9,1281.98,85964,110203950.65,8992,16493,19.19,1312.8428571428574,1387.239795222351,1238.4459190633638
144,PVR,EQ,2017-12-08,1286.9,1286.9,1315.9,1286.9,1299.9,1302.45,1301.84,201129,261837904.55,8648,56598,28.14,1307.2785714285717,1370.7809119582469,1243.7762308988965
145,PVR,EQ,2017-12-11,1302.45,1301.0,1323.0,1290.0,1296.9,1294.45,1310.51,159338,208813487.5,10748,50603,31.76,1302.0107142857146,1355.130103452892,1248.8913251185372
146,PVR,EQ,2017-12-12,1294.45,1299.0,1318.25,1292.55,1305.9,1307.6,1306.82,140147,183147507.15,8878,69967,49.92,1298.5428571428572,1341.8742786278674,1255.211435657847
147,PVR,EQ,2017-12-13,1307.6,1300.55,1320.0,1292.0,1300.05,1302.1,1307.13,88306,115427132.95,4079,25381,28.74,1295.1857142857145,1327.5351627073849,1262.8362658640442
148,PVR,EQ,2017-12-14,1302.1,1316.9,1317.0,1280.0,1300.0,1298.6,1295.38,140642,182184944.7,6822,58175,41.36,1294.857142857143,1326.9483555806505,1262.7659301336353
149,PVR,EQ,2017-12-15,1298.6,1302.1,1313.0,1293.45,1304.0,1303.85,1302.65,101787,132592912.85,7010,23518,23.11,1294.7607142857141,1326.7259160038109,1262.7955125676174
150,PVR,EQ,2017-12-18,1303.85,1312.7,1338.0,1287.25,1336.0,1334.15,1325.36,154052,204174053.0,8224,68841,44.69,1296.5821428571428,1334.3381328483915,1258.826152865894
151,PVR,EQ,2017-12-19,1334.15,1350.0,1355.0,1331.0,1347.0,1346.4,1342.64,131176,176122678.15,7307,27604,21.04,1298.9607142857144,1344.5768244387514,1253.3446041326774
152,PVR,EQ,2017-12-20,1346.4,1349.9,1448.05,1339.0,1438.0,1425.25,1396.34,455938,636645912.7,16850,106420,23.34,1306.767857142857,1388.23464704612,1225.3010672395942
153,PVR,EQ,2017-12-21,1425.25,1430.0,1459.1,1424.05,1433.9,1437.4,1440.88,362769,522707660.75,11282,120426,33.2,1318.1357142857144,1423.4002413560443,1212.8711872153845
154,PVR,EQ,2017-12-22,1437.4,1460.0,1474.45,1435.0,1447.0,1441.1,1456.03,539384,785361942.7,19345,129270,23.97,1329.9750000000001,1450.6643708276288,1209.2856291723715
155,PVR,EQ,2017-12-26,1441.1,1451.9,1455.0,1404.65,1413.0,1418.6,1429.46,225222,321946501.2,7562,59100,26.24,1340.6107142857143,1464.6168070552058,1216.6046215162228
156,PVR,EQ,2017-12-27,1418.6,1423.0,1450.0,1416.3,1437.5,1432.25,1432.77,223844,320717481.1,7091,36840,16.46,1352.2214285714285,1478.0528402929215,1226.3900168499356
157,PVR,EQ,2017-12-28,1432.25,1445.0,1446.0,1400.75,1408.55,1408.55,1411.85,188262,265797673.5,5560,60575,32.18,1360.910714285714,1484.0841203725504,1237.7373081988776
158,PVR,EQ,2017-12-29,1408.55,1410.0,1429.0,1402.7,1416.7,1411.05,1414.86,151131,213829459.5,5876,37627,24.9,1368.6678571428567,1489.640648789082,1247.6950654966315
159,PVR,EQ,2018-01-01,1411.05,1424.0,1444.0,1411.3,1422.0,1423.75,1429.43,182104,260304447.15,6095,34997,19.22,1377.903571428571,1494.1174688120368,1261.6896740451052
160,PVR,EQ,2018-01-02,1423.75,1438.0,1439.0,1398.0,1404.5,1402.8,1416.04,161070,228081814.9,6465,24831,15.42,1384.703571428571,1494.1403214385516,1275.2668214185903
161,PVR,EQ,2018-01-03,1402.8,1412.0,1423.85,1390.0,1399.55,1401.8,1411.9,143604,202754472.65,5148,29588,20.6,1391.8249999999996,1490.5588906042187,1293.0911093957804
162,PVR,EQ,2018-01-04,1401.8,1409.95,1417.5,1392.0,1395.0,1399.0,1405.66,94195,132405775.1,3661,24069,25.55,1398.9964285714284,1481.8731810349564,1316.1196761079004
163,PVR,EQ,2018-01-05,1399.0,1400.1,1423.0,1393.0,1419.7,1419.0,1406.49,305612,429840674.7,8900,140702,46.04,1407.2214285714285,1469.7895417858176,1344.6533153570394
164,PVR,EQ,2018-01-08,1419.0,1420.0,1469.0,1420.0,1466.0,1460.2,1444.29,311868,450429325.65,11484,109823,35.21,1416.225,1469.0101778437838,1363.439822156216
165,PVR,EQ,2018-01-09,1460.2,1480.0,1499.85,1472.55,1483.75,1486.8,1488.6,524029,780071036.9,23447,195319,37.27,1426.2535714285711,1475.0945451523373,1377.412597704805
166,PVR,EQ,2018-01-10,1486.8,1490.0,1490.0,1438.5,1475.0,1469.0,1464.34,164271,240549326.0,9224,59587,36.27,1429.3785714285711,1483.2793736815656,1375.4777691755767
167,PVR,EQ,2018-01-11,1469.0,1469.0,1485.95,1455.1,1457.0,1460.75,1469.58,107845,158487344.9,9210,23305,21.61,1431.0464285714281,1487.4054216328823,1374.687435509974
168,PVR,EQ,2018-01-12,1460.75,1461.0,1489.0,1454.0,1463.45,1463.15,1474.26,199778,294524503.0,8180,29362,14.7,1432.6214285714284,1491.3723462635824,1373.8705108792744
169,PVR,EQ,2018-01-15,1463.15,1467.65,1478.0,1455.0,1458.15,1459.35,1464.2,75476,110511648.7,5073,27570,36.53,1435.5321428571426,1495.3192858941486,1375.7449998201366
170,PVR,EQ,2018-01-16,1459.35,1459.9,1463.4,1429.0,1443.0,1438.2,1444.43,97676,141086247.55,8633,27030,27.67,1435.9571428571428,1495.728371556407,1376.1859141578786
171,PVR,EQ,2018-01-17,1438.2,1438.2,1479.9,1417.0,1474.0,1474.3,1448.4,168643,244261761.4,6741,36606,21.71,1440.6535714285712,1501.471540234429,1379.8356026227134
172,PVR,EQ,2018-01-18,1474.3,1476.95,1504.7,1443.3,1454.05,1457.15,1478.04,338896,500903527.5,14517,44291,13.07,1443.9464285714287,1502.8208511788955,1385.0720059639618
173,PVR,EQ,2018-01-19,1457.15,1464.8,1484.1,1455.05,1468.0,1469.05,1469.47,104438,153468326.15,6727,20333,19.47,1447.1821428571427,1506.25408865394,1388.1101970603454
174,PVR,EQ,2018-01-22,1469.05,1474.4,1483.35,1456.75,1474.15,1474.1,1472.16,83847,123436220.8,7750,18671,22.27,1452.2749999999999,1506.9981739689022,1397.5518260310976
175,PVR,EQ,2018-01-23,1474.1,1474.0,1547.95,1469.1,1545.0,1529.3,1523.79,508483,774820225.3,24310,150749,29.65,1461.3821428571428,1522.0362645021512,1400.7280212121343
176,PVR,EQ,2018-01-24,1529.3,1532.2,1568.45,1461.8,1472.0,1485.25,1515.35,474257,718663824.95,22043,144155,30.4,1467.542857142857,1517.4759794495656,1417.6097348361484
177,PVR,EQ,2018-01-25,1485.25,1484.0,1510.0,1460.1,1463.35,1466.85,1479.39,267615,395907014.65,12935,100189,37.44,1470.9607142857142,1512.4106132105505,1429.5108153608778
178,PVR,EQ,2018-01-29,1466.85,1478.05,1518.75,1455.55,1462.05,1467.8,1488.25,203996,303596203.6,10318,35773,17.54,1471.5035714285711,1512.5434294333813,1430.463713423761
179,PVR,EQ,2018-01-30,1467.8,1479.15,1479.15,1401.75,1426.0,1422.9,1425.52,192953,275057811.45,11158,61522,31.88,1466.9392857142855,1514.3671123170695,1419.5114591115014
180,PVR,EQ,2018-01-31,1422.9,1427.0,1479.45,1410.5,1460.05,1460.6,1439.45,679906,978693236.2,36448,171406,25.21,1466.3392857142856,1513.8672398946567,1418.8113315339144
181,PVR,EQ,2018-02-01,1460.6,1474.0,1474.0,1413.75,1420.0,1418.85,1442.45,219765,317000269.7,14864,62138,28.27,1463.3464285714283,1517.2410189134273,1409.4518382294293
182,PVR,EQ,2018-02-02,1418.85,1412.0,1412.05,1285.9,1319.5,1302.15,1327.44,476738,632840722.7,31496,208678,43.77,1451.8464285714283,1553.4834710637863,1350.2093860790703
183,PVR,EQ,2018-02-05,1302.15,1290.25,1332.5,1260.0,1298.0,1297.7,1304.09,163563,213301614.3,9321,47057,28.77,1440.2999999999997,1570.8740285166878,1309.7259714833117
184,PVR,EQ,2018-02-06,1297.7,1240.0,1340.0,1220.0,1338.0,1331.25,1293.8,218865,283168196.85,17076,85741,39.18,1432.660714285714,1575.684753032145,1289.636675539283
185,PVR,EQ,2018-02-07,1331.25,1345.0,1394.0,1336.2,1379.0,1380.1,1365.25,280235,382591829.75,15641,109879,39.21,1425.9321428571425,1569.3804053457097,1282.4838803685752
186,PVR,EQ,2018-02-08,1380.1,1385.2,1429.1,1385.05,1420.0,1414.15,1410.84,206669,291576105.25,10241,68310,33.05,1422.860714285714,1565.2672351961066,1280.4541933753214
187,PVR,EQ,2018-02-09,1414.15,1397.0,1438.0,1381.15,1395.85,1396.6,1405.75,232769,327215258.3,14108,82551,35.46,1417.6857142857139,1558.1136340856615,1277.2577944857662
188,PVR,EQ,2018-02-12,1396.6,1405.0,1426.9,1397.0,1410.75,1412.75,1415.9,99422,140771770.1,3982,15127,15.21,1413.303571428571,1549.925393451069,1276.681749406073
189,PVR,EQ,2018-02-14,1412.75,1430.0,1430.0,1395.4,1400.0,1405.5,1416.2,93201,131991133.0,4125,21665,23.25,1404.4607142857142,1523.6553526432622,1285.2660759281662
190,PVR,EQ,2018-02-15,1405.5,1417.45,1457.0,1395.0,1408.0,1403.9,1430.98,366640,524654353.15,14933,55995,15.27,1398.6499999999999,1508.4394908800114,1288.8605091199884
191,PVR,EQ,2018-02-16,1403.9,1418.0,1434.0,1397.5,1405.0,1402.3,1409.25,121552,171297095.25,7211,31917,26.26,1394.0392857142856,1496.6799447637563,1291.3986266648149
192,PVR,EQ,2018-02-19,1402.3,1413.0,1413.15,1370.0,1391.95,1391.9,1385.68,141502,196077177.2,9013,30991,21.9,1388.6178571428572,1482.0836683100572,1295.1520459756573
193,PVR,EQ,2018-02-20,1391.9,1391.95,1419.25,1385.0,1412.85,1410.25,1400.57,138640,194174803.9,10053,48006,34.63,1387.7142857142858,1479.9894463737237,1295.4391250548479
194,PVR,EQ,2018-02-21,1410.25,1413.0,1429.8,1392.0,1395.5,1396.85,1410.02,179595,253233403.2,8037,41931,23.35,1383.1607142857142,1465.7228324250166,1300.5985961464119
195,PVR,EQ,2018-02-22,1396.85,1396.05,1407.45,1371.1,1390.0,1384.55,1382.24,139541,192878592.4,6068,43889,31.45,1380.7107142857144,1460.7064947376211,1300.7149338338077
196,PVR,EQ,2018-02-23,1384.55,1394.0,1394.0,1353.0,1365.0,1370.15,1369.28,230219,315234327.65,8217,74913,32.54,1385.5678571428573,1452.1486652709418,1318.9870490147728
197,PVR,EQ,2018-02-26,1370.15,1380.0,1380.0,1353.3,1360.0,1361.2,1360.74,108127,147133027.4,4440,32840,30.37,1390.1035714285715,1436.4875120228628,1343.7196308342802
198,PVR,EQ,2018-02-27,1361.2,1361.2,1372.9,1321.2,1332.25,1335.5,1337.63,279907,374413012.7,12913,81727,29.2,1390.4071428571428,1435.1587454437065,1345.6555402705792
199,PVR,EQ,2018-02-28,1335.5,1321.0,1341.1,1300.0,1330.0,1320.45,1319.62,271427,358181828.25,13524,135764,50.02,1386.1464285714287,1444.4359112523427,1327.8569458905147
200,PVR,EQ,2018-03-01,1320.45,1320.0,1333.9,1301.0,1301.05,1305.35,1309.33,184880,242069713.45,7432,70673,38.23,1378.375,1448.4095821170329,1308.3404178829671
201,PVR,EQ,2018-03-05,1305.35,1302.0,1302.85,1251.3,1265.05,1267.65,1267.89,237757,301449993.75,16042,98820,41.56,1369.1642857142858,1459.7706059945233,1278.5579654340484
202,PVR,EQ,2018-03-06,1267.65,1275.0,1318.0,1265.0,1275.0,1284.9,1288.05,464501,598301480.5,23615,186750,40.2,1360.032142857143,1457.2457902620106,1262.8184954522756
203,PVR,EQ,2018-03-07,1284.9,1285.0,1306.85,1262.55,1288.45,1288.05,1286.39,236658,304434636.4,21551,79798,33.72,1351.6428571428573,1452.1689873635246,1251.11672692219
204,PVR,EQ,2018-03-08,1288.05,1300.0,1311.25,1285.05,1304.9,1305.1,1299.72,155750,202430970.95,10610,40887,26.25,1344.5857142857144,1443.1618342568872,1246.0095943145416
205,PVR,EQ,2018-03-09,1305.1,1307.0,1337.4,1299.0,1333.0,1320.95,1324.69,191661,253891657.0,8712,56923,29.7,1338.775,1432.1494714741484,1245.4005285258518
207,PVR,EQ,2018-03-12,1320.95,1332.0,1332.0,1301.0,1321.7,1324.3,1319.14,76149,100451457.5,3237,13509,17.74,1333.9464285714287,1422.3457364723522,1245.5471206705051
208,PVR,EQ,2018-03-13,1324.3,1328.0,1332.8,1310.6,1318.25,1322.6,1321.9,101729,134475286.15,4603,11575,11.38,1327.685714285714,1404.456456194246,1250.9149723771823
209,PVR,EQ,2018-03-14,1322.6,1314.0,1336.3,1305.0,1332.0,1327.1,1317.64,105958,139614299.3,8656,14617,13.8,1322.7035714285714,1388.3923886982202,1257.0147541589226
210,PVR,EQ,2018-03-15,1327.1,1321.0,1332.9,1305.0,1307.0,1312.25,1317.23,103703,136600401.7,6199,19626,18.93,1317.5392857142856,1372.8279989674115,1262.2505724611597
211,PVR,EQ,2018-03-16,1312.25,1310.1,1319.85,1286.8,1289.65,1292.9,1304.25,155390,202668011.55,8785,69543,44.75,1312.0214285714285,1359.569585767547,1264.4732713753099
212,PVR,EQ,2018-03-19,1292.9,1300.0,1304.75,1247.65,1264.8,1267.75,1267.89,181903,230632912.65,15973,45710,25.13,1305.3464285714285,1349.2531034500914,1261.4397536927656
213,PVR,EQ,2018-03-20,1267.75,1267.75,1280.65,1251.8,1260.0,1262.6,1265.39,176944,223903451.6,12950,44945,25.4,1300.1392857142855,1345.8936663968807,1254.3849050316903
214,PVR,EQ,2018-03-21,1262.6,1262.5,1271.65,1198.25,1237.95,1232.25,1228.61,615089,755702484.15,38305,222649,36.2,1293.8392857142856,1350.5287933389309,1237.1497780896402
215,PVR,EQ,2018-03-22,1232.25,1237.9,1248.05,1220.65,1228.3,1233.4,1231.56,188798,232516467.2,24077,72554,38.43,1288.7,1353.3771033079493,1224.0228966920508
216,PVR,EQ,2018-03-23,1233.4,1212.0,1233.0,1204.95,1223.05,1228.15,1224.0,171560,209989163.6,16703,74937,43.68,1285.8785714285714,1357.57648164686,1214.1806612102828
217,PVR,EQ,2018-03-26,1228.15,1239.0,1247.0,1190.65,1232.0,1226.4,1214.43,373639,453757868.05,27970,121532,32.53,1281.7,1360.1449145285023,1203.2550854714978
218,PVR,EQ,2018-03-27,1226.4,1239.95,1260.0,1225.35,1230.0,1243.55,1245.23,319369,397688392.2,25560,124288,38.92,1278.5214285714285,1359.425680758674,1197.617176384183
219,PVR,EQ,2018-03-28,1243.55,1230.0,1244.0,1209.35,1217.0,1215.25,1224.75,259258,317525690.2,20912,114163,44.03,1272.1035714285715,1358.0249618367213,1186.1821810204217
220,PVR,EQ,2018-04-02,1215.25,1238.0,1240.0,1221.35,1233.1,1233.1,1232.11,83452,102821936.75,7404,40052,47.99,1265.8285714285714,1349.1760804060243,1182.4810624511185
221,PVR,EQ,2018-04-03,1233.1,1233.0,1258.5,1220.3,1248.0,1248.15,1243.48,202956,252371829.45,14075,63633,31.35,1260.3892857142857,1336.96312316819,1183.8154482603816
222,PVR,EQ,2018-04-04,1248.15,1248.0,1281.95,1247.85,1259.3,1260.55,1266.65,188059,238204215.2,11219,47777,25.41,1255.957142857143,1323.6927925680418,1188.2214931462443
223,PVR,EQ,2018-04-05,1260.55,1260.55,1276.8,1230.9,1258.0,1256.2,1249.98,523073,653830222.75,28389,131889,25.21,1250.8928571428573,1304.9329541811808,1196.852760104534
224,PVR,EQ,2018-04-06,1256.2,1268.0,1268.0,1235.1,1250.55,1246.25,1246.7,182142,227077041.45,12435,27097,14.88,1246.1785714285718,1287.07917729742,1205.2779655597235
225,PVR,EQ,2018-04-09,1246.25,1255.0,1317.3,1244.9,1300.1,1298.1,1279.32,672856,860798838.1,26376,108330,16.1,1246.55,1289.329596142941,1203.770403857059
226,PVR,EQ,2018-04-10,1298.1,1308.0,1315.5,1282.75,1290.0,1290.1,1297.65,237338,307981536.35,11758,40979,17.27,1248.1464285714285,1295.732099722526,1200.560757420331
227,PVR,EQ,2018-04-11,1290.1,1304.35,1310.35,1270.1,1305.0,1302.95,1290.57,233620,301504069.1,9622,16960,7.26,1251.0285714285715,1306.602551425928,1195.454591431215
228,PVR,EQ,2018-04-12,1302.95,1304.0,1344.4,1282.4,1332.0,1327.65,1326.65,433557,575180528.1,16529,63161,14.57,1257.8428571428574,1325.5654684917372,1190.1202457939776
229,PVR,EQ,2018-04-13,1327.65,1332.0,1337.15,1310.15,1314.95,1315.35,1323.2,134321,177733188.5,5360,15370,11.44,1263.6964285714287,1336.3082782537297,1191.0845788891277
230,PVR,EQ,2018-04-16,1315.35,1314.0,1339.8,1304.0,1328.05,1330.8,1325.46,169847,225126110.5,6399,12166,7.16,1271.0285714285712,1348.7306822234357,1193.3264606337068
231,PVR,EQ,2018-04-17,1330.8,1339.75,1346.0,1326.15,1327.0,1332.0,1335.65,124237,165936854.45,5818,13742,11.06,1278.5714285714282,1358.0921826527983,1199.050674490058
232,PVR,EQ,2018-04-18,1332.0,1330.0,1342.05,1320.6,1327.0,1324.15,1332.47,136908,182426202.7,5635,28403,20.75,1284.3285714285714,1364.5943196009378,1204.062823256205
233,PVR,EQ,2018-04-19,1324.15,1337.95,1341.8,1321.3,1334.0,1332.75,1331.43,101098,134604439.05,3509,21758,21.52,1292.7214285714285,1366.1538539630803,1219.2890031797767
234,PVR,EQ,2018-04-20,1332.75,1344.0,1344.0,1307.3,1316.0,1317.4,1323.8,172607,228496703.75,6261,48406,28.04,1298.7428571428572,1364.5438491524765,1232.941865133238
235,PVR,EQ,2018-04-23,1317.4,1330.0,1378.0,1310.3,1374.0,1374.25,1362.63,488570,665738136.4,10499,236529,48.41,1307.75,1378.0846834236647,1237.4153165763353
236,PVR,EQ,2018-04-24,1374.25,1375.95,1388.0,1362.6,1366.0,1369.05,1373.0,238094,326904137.85,13852,83322,35.0,1315.5,1387.3259006208727,1243.6740993791273
237,PVR,EQ,2018-04-25,1369.05,1369.0,1414.0,1366.95,1403.0,1400.6,1391.23,776513,1080311301.6,17727,517010,66.58,1325.8142857142855,1402.2799786608725,1249.3485927676984
238,PVR,EQ,2018-04-26,1400.6,1406.45,1408.0,1392.3,1405.7,1397.85,1397.74,411768,575543781.95,9419,296056,71.9,1336.6428571428569,1407.2878292775506,1265.9978850081632
239,PVR,EQ,2018-04-27,1397.85,1406.0,1437.75,1400.0,1428.0,1430.0,1426.16,167569,238980736.15,6347,34331,20.49,1346.0642857142855,1428.7260285961252,1263.4025428324458
240,PVR,EQ,2018-04-30,1430.0,1449.8,1465.0,1430.95,1442.0,1441.7,1443.07,147031,212176388.85,7457,33614,22.86,1356.892857142857,1447.3272095091552,1266.458504776559
241,PVR,EQ,2018-05-02,1441.7,1445.0,1451.3,1375.3,1400.0,1408.55,1411.71,184418,260345024.4,8266,68061,36.91,1364.435714285714,1453.0868232515857,1275.7846053198425
242,PVR,EQ,2018-05-03,1408.55,1410.8,1453.6,1357.1,1446.35,1449.5,1416.4,387005,548152398.6,15432,104034,26.88,1373.1392857142855,1469.7973283067254,1276.4812431218456
243,PVR,EQ,2018-05-04,1449.5,1440.0,1492.0,1413.8,1427.5,1425.35,1450.4,1352595,1961797274.85,43624,113898,8.42,1380.9964285714284,1475.2727773820113,1286.7200797608455
244,PVR,EQ,2018-05-07,1425.35,1445.0,1470.0,1427.55,1437.5,1434.65,1441.04,220237,317371106.75,6218,61539,27.94,1388.4142857142856,1482.017009446609,1294.811561981962
245,PVR,EQ,2018-05-08,1434.65,1425.0,1435.55,1413.3,1424.3,1424.3,1422.73,84666,120457168.9,3757,29622,34.99,1395.0071428571428,1484.4007741665437,1305.6135115477418
246,PVR,EQ,2018-05-09,1424.3,1424.3,1451.0,1421.0,1444.1,1437.15,1437.37,140300,201663545.15,6789,41496,29.58,1403.0785714285714,1485.0066516555005,1321.1504912016424
247,PVR,EQ,2018-05-10,1437.15,1442.0,1469.0,1400.0,1404.05,1401.55,1409.54,318301,448657133.15,4686,222936,70.04,1407.992857142857,1479.3161930278116,1336.6695212579025
248,PVR,EQ,2018-05-11,1401.55,1401.55,1432.0,1400.0,1413.0,1417.9,1419.13,176848,250969875.5,7997,51842,29.31,1415.1714285714284,1463.8539118259214,1366.4889453169353
249,PVR,EQ,2018-05-14,1417.9,1417.9,1428.55,1397.7,1415.0,1413.8,1413.68,155465,219777150.75,5918,55411,35.64,1417.9964285714284,1460.668838398381,1375.3240187444758
250,PVR,EQ,2018-05-15,1413.8,1413.8,1430.0,1400.0,1420.0,1415.9,1416.93,110538,156624852.25,5273,24629,22.28,1421.3428571428572,1453.5436659512075,1389.1420483345069
251,PVR,EQ,2018-05-16,1415.9,1425.0,1428.65,1401.25,1412.6,1416.45,1413.68,96353,136212634.5,5693,23107,23.98,1422.4750000000001,1452.5806025963966,1392.3693974036037
252,PVR,EQ,2018-05-17,1416.45,1418.1,1436.3,1405.6,1411.0,1411.05,1417.32,82730,117255208.5,5668,23120,27.95,1423.4178571428572,1450.915118744774,1395.9205955409404
253,PVR,EQ,2018-05-18,1411.05,1411.0,1422.45,1361.55,1377.3,1371.1,1387.7,91606,127121793.6,4408,17911,19.55,1419.2107142857144,1458.0530222772552,1380.3684062941736
254,PVR,EQ,2018-05-21,1371.1,1382.0,1388.2,1324.1,1326.0,1336.55,1357.43,126105,171178221.65,6245,27242,21.6,1411.7,1468.3789338154959,1355.0210661845042
255,PVR,EQ,2018-05-22,1336.55,1337.0,1376.15,1320.15,1361.5,1361.9,1359.34,199201,270782069.15,5345,127815,64.16,1408.3678571428572,1471.0153521157085,1345.720362170006
256,PVR,EQ,2018-05-23,1361.9,1369.05,1379.9,1335.5,1349.9,1345.7,1348.34,73467,99058555.85,4899,12857,17.5,1400.9535714285716,1467.10283695488,1334.8043059022632
257,PVR,EQ,2018-05-24,1345.7,1350.0,1361.2,1321.9,1348.55,1344.3,1343.23,83664,112379656.3,6858,24038,28.73,1395.1642857142858,1466.1276069938924,1324.2009644346792
258,PVR,EQ,2018-05-25,1344.3,1362.0,1369.9,1332.95,1350.0,1343.5,1346.59,90626,122036336.95,5332,30736,33.92,1388.6535714285715,1460.728217181702,1316.578925675441
259,PVR,EQ,2018-05-28,1343.5,1354.0,1364.0,1337.0,1344.35,1341.55,1348.84,76631,103362987.75,4076,21563,28.14,1382.7428571428572,1455.7906166213986,1309.6950976643159
260,PVR,EQ,2018-05-29,1341.55,1345.0,1361.0,1330.0,1342.9,1343.4,1342.39,91500,122829005.7,6404,44700,48.85,1376.0464285714286,1444.6632067874516,1307.4296503554056
261,PVR,EQ,2018-05-30,1343.4,1330.5,1335.8,1312.0,1318.0,1319.85,1320.14,273093,360520766.85,10221,159712,58.48,1370.2107142857144,1443.2390141592373,1297.1824144121915
262,PVR,EQ,2018-05-31,1319.85,1318.5,1330.0,1303.7,1323.0,1322.95,1319.91,351795,464338741.15,17797,131519,37.39,1363.4285714285713,1434.9999958325072,1291.8571470246354
263,PVR,EQ,2018-06-01,1322.95,1325.5,1328.7,1290.15,1301.35,1304.05,1306.22,133116,173879207.8,6080,30398,22.84,1355.5892857142858,1427.4356943132611,1283.7428771153104
264,PVR,EQ,2018-06-04,1304.05,1305.0,1317.7,1265.6,1277.1,1278.9,1282.02,244340,313249406.7,6727,155706,63.73,1345.8035714285713,1419.558711685269,1272.0484311718737
265,PVR,EQ,2018-06-05,1278.9,1277.0,1313.15,1265.0,1312.15,1298.05,1288.17,191590,246801178.45,9304,84176,43.94,1337.3464285714285,1402.903396918817,1271.78946022404
266,PVR,EQ,2018-06-06,1298.05,1305.0,1313.15,1283.65,1305.85,1307.75,1303.74,194801,253970282.25,16564,75038,38.52,1329.9678571428572,1381.5552826700807,1278.3804316156336
267,PVR,EQ,2018-06-07,1307.75,1311.9,1345.0,1311.8,1332.0,1332.15,1333.22,294081,392075479.2,15699,143978,48.96,1327.1857142857145,1373.1075446661976,1281.2638839052315
268,PVR,EQ,2018-06-08,1332.15,1333.95,1416.85,1330.05,1410.0,1407.95,1387.02,986398,1368156840.05,45641,313891,31.82,1332.2857142857144,1395.3478012570968,1269.2236273143321
269,PVR,EQ,2018-06-11,1407.95,1417.8,1418.7,1387.55,1403.0,1401.2,1400.61,434548,608631455.75,18355,135736,31.24,1335.0928571428574,1406.7470250622407,1263.438689223474
270,PVR,EQ,2018-06-12,1401.2,1414.0,1439.0,1410.0,1424.2,1426.6,1424.47,444672,633424135.75,17674,162031,36.44,1340.8714285714286,1427.6604717852897,1254.0823853575675
271,PVR,EQ,2018-06-13,1426.6,1426.15,1440.0,1407.35,1423.0,1417.8,1424.02,195591,278525871.35,9049,50106,25.62,1346.1214285714286,1442.199079172671,1250.0437779701863
272,PVR,EQ,2018-06-14,1417.8,1424.9,1429.0,1399.5,1428.5,1421.1,1410.09,431627,608632359.85,14383,269322,62.4,1351.6642857142856,1455.713478433374,1247.6150929951973
273,PVR,EQ,2018-06-15,1421.1,1435.0,1463.0,1401.0,1410.9,1407.7,1428.65,1004804,1435517465.55,44262,276823,27.55,1356.3892857142857,1464.3927128577093,1248.3858585708622
274,PVR,EQ,2018-06-18,1407.7,1407.0,1408.65,1351.0,1374.9,1377.1,1370.9,453405,621574041.7,24035,70558,15.56,1358.7964285714284,1467.0546630373103,1250.5381941055464
275,PVR,EQ,2018-06-19,1377.1,1355.0,1385.0,1349.55,1368.0,1365.25,1367.77,267115,365352446.45,14169,89955,33.68,1362.0392857142856,1467.9668311881114,1256.1117402404598
276,PVR,EQ,2018-06-20,1365.25,1367.9,1386.45,1355.1,1369.05,1372.55,1371.19,251878,345371416.8,16792,112333,44.6,1365.5821428571428,1469.169895378988,1261.9943903352976
277,PVR,EQ,2018-06-21,1372.55,1368.0,1385.5,1349.1,1355.6,1361.7,1367.23,190315,260203769.25,14519,55414,29.12,1369.7,1467.152702531889,1272.2472974681111
278,PVR,EQ,2018-06-22,1361.7,1361.7,1362.95,1344.0,1351.0,1350.4,1349.71,141707,191264018.75,8235,48097,33.94,1374.8071428571427,1458.248571943129,1291.3657137711564
279,PVR,EQ,2018-06-25,1350.4,1341.5,1363.45,1306.85,1354.7,1351.7,1341.97,336341,451361108.4,18931,85302,25.36,1378.6392857142857,1451.1008848661672,1306.1776865624042
280,PVR,EQ,2018-06-26,1351.7,1345.0,1358.0,1338.2,1345.0,1348.5,1347.13,217087,292443400.75,9857,100617,46.35,1381.55,1444.3786926124062,1318.7213073875937
281,PVR,EQ,2018-06-27,1348.5,1347.9,1375.0,1326.2,1366.5,1367.95,1354.48,229670,311082864.85,16721,99514,43.33,1384.107142857143,1440.8989333952754,1327.3153523190103
282,PVR,EQ,2018-06-28,1367.95,1369.85,1410.0,1335.05,1401.0,1392.25,1372.79,336813,462372239.2,12903,143713,42.67,1382.9857142857143,1438.3515386315519,1327.6198899398767
283,PVR,EQ,2018-06-29,1392.25,1401.0,1419.0,1353.65,1367.0,1374.3,1381.43,316273,436908058.2,17135,57412,18.15,1381.0642857142855,1435.5675309044882,1326.5610405240827
284,PVR,EQ,2018-07-02,1374.3,1378.0,1382.85,1352.1,1361.0,1366.2,1370.95,228003,312581835.4,17568,109926,48.21,1376.75,1424.9206102546698,1328.5793897453302
285,PVR,EQ,2018-07-03,1366.2,1362.0,1394.9,1352.35,1379.0,1376.4,1373.9,159516,219158667.8,9785,44372,27.82,1373.7928571428572,1415.7962243548136,1331.7894899309008
286,PVR,EQ,2018-07-04,1376.4,1371.9,1398.95,1370.15,1376.15,1378.35,1382.54,108849,150487978.85,11174,36845,33.85,1370.7392857142859,1403.0177896013374,1338.4607818272343
287,PVR,EQ,2018-07-05,1378.35,1379.0,1387.25,1368.0,1375.0,1376.65,1376.55,131782,181404854.3,8223,52005,39.46,1368.5214285714287,1393.2423855570573,1343.8004715858
288,PVR,EQ,2018-07-06,1376.65,1371.5,1387.65,1365.0,1372.85,1371.5,1372.8,118375,162504908.1,7324,56614,47.83,1368.1214285714289,1392.4221001128126,1343.8207570300451
289,PVR,EQ,2018-07-09,1371.5,1384.4,1399.55,1371.0,1374.85,1378.25,1386.72,202862,281313080.85,8315,45471,22.41,1369.0500000000004,1393.8660617962748,1344.233938203726
290,PVR,EQ,2018-07-10,1378.25,1378.25,1425.0,1366.0,1412.55,1411.6,1401.54,333480,467386922.55,16456,73496,22.04,1371.839285714286,1405.5384109841746,1338.1401604443975
291,PVR,EQ,2018-07-11,1411.6,1412.6,1418.95,1385.0,1393.0,1389.0,1399.22,136354,190789198.85,8174,32470,23.81,1373.7892857142858,1408.1146559811257,1339.463915447446
292,PVR,EQ,2018-07-12,1389.0,1391.05,1412.85,1387.1,1396.0,1396.1,1399.48,204176,285740084.25,10495,63176,30.94,1377.0535714285713,1410.4775716560787,1343.629571201064
293,PVR,EQ,2018-07-13,1396.1,1401.0,1414.4,1199.7,1218.8,1211.2,1250.13,3607373,4509691318.45,138553,562690,15.6,1367.017857142857,1461.6188297117933,1272.416884573921
294,PVR,EQ,2018-07-16,1211.2,1215.0,1234.0,1145.15,1146.55,1154.15,1188.18,3512073,4172962976.0,147185,856448,24.39,1353.1357142857144,1501.3114801262093,1204.9599484452194
295,PVR,EQ,2018-07-17,1154.15,1160.0,1188.0,1149.4,1160.0,1160.6,1167.25,1334223,1557366547.25,53344,398147,29.84,1338.325,1518.1853935107608,1158.4646064892393
296,PVR,EQ,2018-07-18,1160.6,1160.0,1176.55,1082.5,1117.6,1106.3,1119.08,1322283,1479733915.95,48083,225561,17.06,1317.8999999999999,1532.8947333880874,1102.9052666119123
297,PVR,EQ,2018-07-19,1106.3,1109.9,1155.95,1062.8,1143.9,1136.35,1115.4,1730149,1929815178.3,59850,481396,27.82,1300.9035714285712,1533.5862753716988,1068.2208674854437
298,PVR,EQ,2018-07-20,1136.35,1130.0,1178.95,1125.0,1160.0,1151.05,1159.24,1189823,1379288179.9,39965,478395,40.21,1285.535714285714,1527.8610563953887,1043.2103721760393
299,PVR,EQ,2018-07-23,1151.05,1159.65,1172.25,1145.0,1149.75,1152.7,1159.34,219412,254372160.95,10748,66822,30.46,1269.5571428571425,1515.5463291646288,1023.5679565496562
300,PVR,EQ,2018-07-24,1152.7,1150.0,1183.5,1124.95,1170.1,1172.6,1163.51,523724,609356017.55,28622,193520,36.95,1254.860714285714,1497.4117213830984,1012.3097071883296
301,PVR,EQ,2018-07-25,1172.6,1180.0,1193.15,1122.5,1137.0,1138.5,1159.74,1103688,1279992516.4,53085,112914,10.23,1237.8499999999997,1476.9874274988513,998.7125725011481
302,PVR,EQ,2018-07-26,1138.5,1138.5,1149.15,1080.0,1123.45,1119.15,1116.1,752725,840114890.9,31407,156849,20.84,1219.8249999999996,1453.5477573594221,986.1022426405771
303,PVR,EQ,2018-07-27,1119.15,1121.5,1130.7,1105.35,1112.0,1115.3,1116.29,307989,343805349.7,11504,68389,22.21,1201.0428571428567,1421.8273286464976,980.2583856392159
304,PVR,EQ,2018-07-30,1115.3,1120.0,1132.0,1115.0,1123.45,1128.2,1123.67,292497,328668646.3,9834,63057,21.56,1180.7999999999997,1367.8078073236488,993.7921926763507
305,PVR,EQ,2018-07-31,1128.2,1126.95,1130.0,1092.3,1108.5,1103.4,1107.44,245129,271465306.05,10934,77314,31.54,1160.3999999999999,1307.6580362179536,1013.1419637820462
306,PVR,EQ,2018-08-01,1103.4,1104.0,1121.0,1104.0,1112.0,1115.8,1112.65,268005,298196983.3,15167,98761,36.85,1140.3785714285711,1199.340576329836,1081.4165665273063
307,PVR,EQ,2018-08-02,1115.8,1114.8,1116.0,1098.0,1102.25,1101.55,1103.76,332751,367275800.15,14317,126187,37.92,1132.5464285714284,1178.729583413941,1086.3632737289156
308,PVR,EQ,2018-08-03,1101.55,1143.0,1208.0,1143.0,1175.75,1177.2,1179.48,2926219,3451431273.05,95126,736384,25.17,1134.192857142857,1185.095930302948,1083.289783982766
309,PVR,EQ,2018-08-06,1177.2,1181.0,1212.0,1180.0,1201.0,1202.0,1198.06,438414,525247489.6,19780,57161,13.04,1137.1499999999999,1198.416617839874,1075.8833821601256
310,PVR,EQ,2018-08-07,1202.0,1204.0,1242.0,1187.0,1221.3,1226.45,1221.6,808710,987921876.05,34771,109459,13.54,1145.7321428571427,1220.546411417482,1070.9178742968033
311,PVR,EQ,2018-08-08,1226.45,1277.0,1287.55,1221.0,1248.15,1246.75,1257.55,1789243,2250065642.95,82247,337064,18.84,1153.6178571428568,1245.4987466528182,1061.7369676328954
312,PVR,EQ,2018-08-09,1246.75,1251.0,1290.0,1235.0,1289.9,1279.45,1262.67,444172,560844313.0,18609,64055,14.42,1162.7892857142854,1276.5857854480087,1048.992785980562
313,PVR,EQ,2018-08-10,1279.45,1300.0,1329.5,1279.1,1328.75,1316.05,1307.52,1071746,1401328289.5,33207,115053,10.74,1174.4571428571423,1314.3114068780658,1034.602878836219
314,PVR,EQ,2018-08-13,1316.05,1324.9,1324.9,1277.2,1286.8,1283.5,1297.37,590552,766163894.5,19462,126094,21.35,1182.3785714285711,1333.85932275354,1030.8978201036023
315,PVR,EQ,2018-08-14,1283.5,1286.0,1324.0,1286.0,1307.0,1313.55,1312.79,585207,768253766.85,23136,76161,13.01,1194.8821428571425,1359.1218579414915,1030.6424277727936
316,PVR,EQ,2018-08-16,1313.55,1300.0,1309.5,1281.7,1298.0,1291.7,1294.74,464283,601127544.15,20193,191660,41.28,1207.2071428571423,1372.8568049438782,1041.5574807704065
317,PVR,EQ,2018-08-17,1291.7,1300.0,1313.4,1287.7,1305.5,1306.15,1300.86,311973,405832477.95,11338,76696,24.58,1220.8392857142856,1385.3155696187812,1056.36300180979
318,PVR,EQ,2018-08-20,1306.15,1305.5,1349.4,1302.55,1328.15,1331.4,1332.2,470132,626310197.85,16000,61709,13.13,1235.3535714285713,1400.4761714019771,1070.2309714551654
319,PVR,EQ,2018-08-21,1331.4,1328.0,1328.0,1301.0,1305.0,1305.85,1310.48,328880,430989268.2,19369,115855,35.23,1249.8142857142852,1399.935485101627,1099.6930863269436
320,PVR,EQ,2018-08-23,1305.85,1306.0,1334.5,1283.15,1315.95,1319.9,1308.22,314590,411552978.1,12772,54834,17.43,1264.3928571428569,1397.0809347311072,1131.7047795546066
321,PVR,EQ,2018-08-24,1319.9,1316.0,1342.0,1301.1,1313.1,1322.9,1322.57,410545,542973571.05,20766,122783,29.91,1280.2035714285714,1377.2768939484824,1183.1302489086604
322,PVR,EQ,2018-08-27,1322.9,1327.9,1337.0,1316.0,1323.0,1321.8,1326.25,222774,295453536.6,9908,87957,39.48,1290.5321428571426,1369.4722623942148,1211.5920233200704
323,PVR,EQ,2018-08-28,1321.8,1323.45,1339.6,1318.45,1330.0,1333.65,1330.92,301364,401091281.15,13064,78119,25.92,1299.935714285714,1363.268151333545,1236.6032772378833
324,PVR,EQ,2018-08-29,1333.65,1335.65,1370.9,1327.0,1362.0,1365.7,1356.64,439218,595860765.1,19357,126901,28.89,1309.8821428571428,1366.9259668624004,1252.838318851885
325,PVR,EQ,2018-08-30,1365.7,1384.25,1401.0,1347.1,1363.85,1369.3,1376.11,965409,1328507826.5,31705,246746,25.56,1318.6357142857141,1371.3980468371067,1265.8733817343216
326,PVR,EQ,2018-08-31,1369.3,1367.0,1386.95,1355.75,1372.0,1372.75,1370.21,273455,374689422.55,9421,61950,22.65,1325.2999999999997,1380.264645979869,1270.3353540201304
327,PVR,EQ,2018-09-03,1372.75,1375.0,1418.0,1367.6,1385.0,1382.65,1392.27,649507,904292166.5,15295,278005,42.8,1330.0571428571427,1392.5815978529886,1267.5326878612968
328,PVR,EQ,2018-09-04,1382.65,1390.0,1392.0,1313.15,1338.4,1339.35,1349.56,565194,762762502.1,18526,254194,44.97,1334.0464285714284,1390.6183360369348,1277.474521105922
329,PVR,EQ,2018-09-05,1339.35,1339.5,1345.7,1289.05,1320.5,1324.8,1316.54,323301,425638594.5,11740,76192,23.57,1334.85,1390.479516238443,1279.2204837615568
330,PVR,EQ,2018-09-06,1324.8,1325.0,1361.2,1300.65,1345.95,1340.5,1321.61,244469,323091602.4,7741,53704,21.97,1338.3357142857142,1388.127549090097,1288.5438794813313
331,PVR,EQ,2018-09-07,1340.5,1341.1,1374.85,1330.3,1358.5,1366.15,1356.91,368935,500610380.85,14275,81181,22.0,1342.6214285714284,1390.7816054540233,1294.4612516888335
332,PVR,EQ,2018-09-10,1366.15,1359.0,1385.0,1332.1,1343.05,1343.9,1366.24,271327,370696491.1,9123,111550,41.11,1343.5142857142855,1391.239821994007,1295.7887494345641
333,PVR,EQ,2018-09-11,1343.9,1347.0,1360.85,1338.3,1357.0,1352.85,1350.12,211391,285402788.9,9783,62025,29.34,1346.8714285714284,1389.5270570085158,1304.215800134341
334,PVR,EQ,2018-09-12,1352.85,1358.0,1408.0,1341.6,1402.0,1391.55,1376.43,776984,1069467393.7,29764,246875,31.77,1351.9892857142854,1397.7828220161832,1306.1957494123876
335,PVR,EQ,2018-09-14,1391.55,1414.0,1416.8,1370.0,1373.65,1379.1,1393.99,516069,719394389.95,21427,90426,17.52,1356.003571428571,1400.6512772751532,1311.3558655819886
336,PVR,EQ,2018-09-17,1379.1,1399.85,1423.0,1380.0,1395.95,1396.3,1404.36,743619,1044312133.1,33814,98889,13.3,1361.3249999999994,1406.1703024724602,1316.4796975275385
337,PVR,EQ,2018-09-18,1396.3,1394.95,1396.0,1333.05,1339.0,1339.0,1356.16,573099,777216784.5,22839,215229,37.56,1361.7071428571421,1405.618011621091,1317.7962740931932
338,PVR,EQ,2018-09-19,1339.0,1345.0,1356.2,1323.25,1332.55,1338.35,1337.82,214014,286312326.5,8902,30976,14.47,1359.7535714285707,1405.3022514615593,1314.204891395582
339,PVR,EQ,2018-09-21,1338.35,1341.0,1355.0,1285.5,1344.85,1344.05,1332.71,366482,488412557.65,19833,123185,33.61,1357.9499999999991,1403.86847290412,1312.0315270958783
340,PVR,EQ,2018-09-24,1344.05,1357.9,1359.45,1280.3,1284.05,1287.35,1305.8,285156,372357415.85,12529,56388,19.77,1351.849999999999,1410.2834598562276,1293.4165401437704
341,PVR,EQ,2018-09-25,1287.35,1280.1,1293.55,1226.6,1268.9,1253.65,1261.9,330444,416988415.45,19703,116346,35.21,1342.6357142857134,1418.2927992513312,1266.9786293200957
342,PVR,EQ,2018-09-26,1253.65,1260.0,1289.0,1258.05,1286.9,1285.4,1270.02,506604,643397324.4,14715,321467,63.46,1338.7821428571422,1420.4196399651873,1257.144645749097
343,PVR,EQ,2018-09-27,1285.4,1287.0,1299.0,1245.1,1260.0,1255.1,1270.81,310127,394111442.75,23679,122612,39.54,1333.8035714285706,1426.822026704812,1240.7851161523292
344,PVR,EQ,2018-09-28,1255.1,1270.0,1279.45,1190.0,1201.8,1201.75,1239.82,351195,435420171.15,33533,120224,34.23,1323.8928571428564,1440.4308658461437,1207.3548484395692
345,PVR,EQ,2018-10-01,1201.75,1210.0,1234.0,1164.45,1225.0,1224.9,1214.39,422964,513645270.2,31267,165965,39.24,1313.8035714285706,1438.7372859414193,1188.869856915722
346,PVR,EQ,2018-10-03,1224.9,1225.0,1262.85,1217.9,1227.95,1227.85,1241.26,302185,375091320.3,27322,82222,27.21,1305.5142857142848,1437.070248819616,1173.9583226089537
347,PVR,EQ,2018-10-04,1227.85,1219.95,1241.8,1190.4,1198.8,1199.55,1214.46,313341,380541470.4,28024,97024,30.96,1294.5642857142848,1434.40681489276,1154.7217565358096
348,PVR,EQ,2018-10-05,1199.55,1204.5,1222.7,1142.65,1167.0,1168.3,1179.17,446167,526106089.95,25900,104627,23.45,1278.617857142856,1421.6973756854243,1135.538338600288
349,PVR,EQ,2018-10-08,1168.3,1168.0,1198.0,1098.9,1189.85,1179.8,1171.66,264630,310056887.35,17142,52018,19.66,1264.382142857142,1404.0127688075258,1124.7515169067583
350,PVR,EQ,2018-10-09,1179.8,1189.05,1222.75,1184.4,1208.95,1208.0,1201.4,192894,231742500.55,18044,36504,18.92,1250.932142857142,1370.6861253323837,1131.1781603819004
351,PVR,EQ,2018-10-10,1208.0,1208.0,1311.0,1207.1,1300.6,1297.2,1272.67,605098,770092122.1,32710,157850,26.09,1247.9464285714278,1360.0840738272275,1135.808783315628
352,PVR,EQ,2018-10-11,1297.2,1238.0,1274.55,1235.45,1260.0,1257.0,1257.29,244404,307287030.75,19062,53468,21.88,1242.1357142857137,1341.8348418844798,1142.4365866869475
353,PVR,EQ,2018-10-12,1257.0,1265.1,1346.65,1265.1,1324.0,1323.95,1308.07,308952,404131184.35,14626,49065,15.88,1240.6999999999994,1334.4803079214662,1146.9196920785325
354,PVR,EQ,2018-10-15,1323.95,1335.8,1341.0,1297.05,1308.15,1310.05,1311.87,205041,268986981.0,11260,46788,22.82,1242.321428571428,1340.2685392154665,1144.3743179273895
355,PVR,EQ,2018-10-16,1310.05,1310.05,1347.45,1300.0,1339.35,1341.0,1328.47,225445,299497856.65,8501,33184,14.72,1248.5607142857136,1359.8378332176903,1137.283595353737
356,PVR,EQ,2018-10-17,1341.0,1357.0,1376.0,1305.0,1324.0,1314.0,1340.43,472705,633629001.55,18746,68685,14.53,1250.6035714285706,1365.7759269810886,1135.4312158760526
357,PVR,EQ,2018-10-19,1314.0,1318.0,1319.25,1261.35,1296.0,1290.35,1284.3,156188,200591535.5,10595,20184,12.92,1253.121428571428,1370.2419957351265,1136.0008614077294
358,PVR,EQ,2018-10-22,1290.35,1310.0,1338.55,1282.4,1304.0,1299.15,1315.41,239897,315562595.05,13419,31898,13.3,1260.0785714285707,1375.6147376895515,1144.54240516759
359,PVR,EQ,2018-10-23,1299.15,1281.0,1314.0,1276.15,1282.65,1279.65,1290.04,141783,182906262.55,6822,36523,25.76,1263.9892857142852,1378.0936453597833,1149.884926068787
360,PVR,EQ,2018-10-24,1279.65,1293.75,1312.5,1276.3,1279.05,1283.25,1290.28,257332,332030850.85,13584,102393,39.79,1267.946428571428,1380.4836939500592,1155.4091631927968
361,PVR,EQ,2018-10-25,1283.25,1270.0,1299.0,1226.3,1273.5,1284.05,1261.53,606946,765682885.2,40000,50352,8.3,1273.9821428571424,1379.566674118865,1168.39761159542
362,PVR,EQ,2018-10-26,1284.05,1283.0,1320.0,1242.0,1296.0,1295.1,1287.89,354640,456736930.7,19336,56348,15.89,1283.0392857142851,1369.6153632288144,1196.4632081997559
363,PVR,EQ,2018-10-29,1295.1,1300.15,1328.35,1287.45,1321.0,1317.4,1311.83,202408,265524489.6,8840,20269,10.01,1292.8678571428568,1357.389774792153,1228.3459394935605
364,PVR,EQ,2018-10-30,1317.4,1325.15,1355.0,1315.0,1340.75,1340.25,1342.37,277397,372368805.7,10001,72335,26.08,1302.3142857142852,1349.7832298708652,1254.8453415577053
365,PVR,EQ,2018-10-31,1340.25,1345.0,1386.6,1317.05,1358.0,1362.35,1362.45,450156,613315271.35,26983,112140,24.91,1306.9678571428565,1364.0728294057233,1249.8628848799897
366,PVR,EQ,2018-11-01,1362.35,1364.0,1391.0,1363.0,1366.3,1368.85,1376.42,183291,252285587.55,9001,27155,14.82,1314.9571428571421,1373.2328517053259,1256.6814340089584
367,PVR,EQ,2018-11-02,1368.85,1380.0,1405.3,1375.0,1395.0,1394.4,1388.4,296858,412156300.4,11957,117520,39.59,1319.9892857142852,1392.1279788266238,1247.8505926019466
368,PVR,EQ,2018-11-05,1394.4,1394.35,1436.0,1388.15,1420.0,1421.15,1417.09,433388,614147655.5,25016,98373,22.7,1327.9249999999995,1417.6528170571773,1238.1971829428217
369,PVR,EQ,2018-11-06,1421.15,1434.0,1440.8,1397.9,1403.95,1404.8,1419.65,295720,419820196.5,19866,93665,31.67,1332.4821428571424,1431.1097689381443,1233.8545167761406
370,PVR,EQ,2018-11-07,1404.8,1405.0,1422.95,1405.0,1422.95,1417.45,1416.31,60482,85661509.1,2672,16255,26.88,1339.8714285714282,1447.614147149501,1232.1287099933554
371,PVR,EQ,2018-11-09,1417.45,1405.0,1450.65,1355.55,1445.95,1446.75,1415.06,801317,1133909081.2,29171,180797,22.56,1351.0428571428567,1468.6485206455666,1233.437193640147
372,PVR,EQ,2018-11-12,1446.75,1428.2,1437.35,1380.0,1391.0,1387.25,1408.48,422237,594713116.7,17857,84340,19.97,1357.3357142857137,1472.3805044166204,1242.290924154807
373,PVR,EQ,2018-11-13,1387.25,1391.0,1413.5,1390.65,1394.8,1397.15,1400.76,313670,439376722.9,18194,93589,29.84,1365.728571428571,1473.2584364342179,1258.1987064229243
374,PVR,EQ,2018-11-14,1397.15,1418.95,1434.9,1404.0,1416.8,1419.7,1422.59,274468,390455399.15,20573,101586,37.01,1375.4749999999997,1475.2578160788028,1275.6921839211966
375,PVR,EQ,2018-11-15,1419.7,1385.0,1432.85,1385.0,1406.0,1410.15,1418.87,209393,297101638.25,20488,73677,35.19,1384.4821428571427,1470.5358077515516,1298.4284779627337
376,PVR,EQ,2018-11-16,1410.15,1418.7,1439.5,1403.5,1424.25,1417.0,1425.42,256676,365870983.95,22268,98801,38.49,1393.1892857142855,1463.5156696304684,1322.8629017981025
377,PVR,EQ,2018-11-19,1417.0,1412.15,1448.0,1412.15,1439.0,1433.9,1435.01,244046,350209136.8,12822,54120,22.18,1401.5107142857141,1459.7350837353133,1343.286344836115
378,PVR,EQ,2018-11-20,1433.9,1430.05,1455.0,1393.25,1406.0,1403.9,1425.23,564365,804352601.35,24067,157421,27.89,1406.0571428571427,1452.404341878703,1359.7099438355824
379,PVR,EQ,2018-11-21,1403.9,1415.15,1423.0,1386.35,1417.5,1418.0,1408.44,221645,312174224.8,14583,43798,19.76,1410.0321428571428,1449.225207532958,1370.8390781813277
380,PVR,EQ,2018-11-22,1418.0,1410.1,1432.5,1404.6,1414.0,1415.75,1420.57,144868,205795501.55,10682,58681,40.51,1413.382142857143,1444.6227625482227,1382.1415231660633
381,PVR,EQ,2018-11-26,1415.75,1422.0,1442.0,1416.0,1436.0,1436.5,1427.9,178600,255023680.25,15641,70655,39.56,1416.3892857142857,1447.8630153843146,1384.9155560442568
382,PVR,EQ,2018-11-27,1436.5,1436.0,1449.0,1428.0,1448.0,1442.0,1437.9,268005,385364810.9,14908,99918,37.28,1417.8785714285714,1452.1697614675177,1383.587381389625
383,PVR,EQ,2018-11-28,1442.0,1455.95,1468.0,1442.15,1464.0,1461.9,1456.72,329496,479983943.05,15792,64286,19.51,1421.957142857143,1462.5511146935135,1381.3631710207726
384,PVR,EQ,2018-11-29,1461.9,1493.25,1493.25,1442.0,1456.55,1452.45,1456.1,537882,783210672.0,20172,95960,17.84,1424.457142857143,1468.0552348609815,1380.8590508533046
385,PVR,EQ,2018-11-30,1452.45,1459.9,1468.7,1428.0,1432.0,1436.0,1447.41,500122,723880037.8,24282,247436,49.48,1423.689285714286,1465.9543500031543,1381.4242214254175
386,PVR,EQ,2018-12-03,1436.0,1450.0,1526.5,1441.05,1522.05,1522.0,1493.82,985913,1472780052.9,47115,336923,34.17,1433.314285714286,1496.1836181986907,1370.444953229881
387,PVR,EQ,2018-12-04,1522.0,1520.05,1530.75,1480.5,1486.35,1487.2,1506.93,564614,850836380.75,30096,109107,19.32,1439.7464285714286,1505.0560987740857,1374.4367583687715
388,PVR,EQ,2018-12-05,1487.2,1485.0,1504.45,1466.6,1485.2,1478.45,1481.56,285054,422324150.85,16911,59671,20.93,1443.9428571428573,1511.224045017033,1376.6616692686816
389,PVR,EQ,2018-12-06,1478.45,1470.5,1511.0,1458.25,1496.0,1490.85,1490.71,317178,472821397.95,15775,45522,14.35,1449.7071428571428,1518.3312231468367,1381.083062567449
390,PVR,EQ,2018-12-07,1490.85,1500.15,1514.75,1471.75,1493.15,1485.6,1487.44,275697,410083963.25,15607,60867,22.08,1454.6071428571427,1522.9670710330984,1386.247214681187
391,PVR,EQ,2018-12-10,1485.6,1475.0,1492.85,1460.95,1486.0,1477.1,1471.98,177397,261124734.2,10808,52795,29.76,1457.6928571428566,1525.9262784276043,1389.459435858109
392,PVR,EQ,2018-12-11,1477.1,1474.35,1509.0,1461.0,1502.9,1500.25,1480.28,274310,406056349.5,17092,75493,27.52,1464.5749999999994,1528.7519039452832,1400.3980960547156
393,PVR,EQ,2018-12-12,1500.25,1515.0,1550.85,1506.0,1550.0,1544.4,1528.33,387699,592530637.7,21867,87572,22.59,1473.603571428571,1544.7421843806774,1402.4649584764647
394,PVR,EQ,2018-12-13,1544.4,1560.0,1572.0,1528.7,1533.25,1535.1,1551.74,421937,654737036.05,27673,84996,20.14,1482.128571428571,1551.9956949206498,1412.261447936492
395,PVR,EQ,2018-12-14,1535.1,1530.0,1560.0,1520.2,1559.85,1557.4,1548.17,276450,427990674.5,17593,87069,31.5,1490.7642857142853,1566.016399700161,1415.5121717284096
396,PVR,EQ,2018-12-17,1557.4,1555.0,1580.0,1542.35,1560.0,1562.0,1570.25,422094,662792880.2,20626,154990,36.72,1499.3357142857137,1577.9239540457065,1420.747474525721
397,PVR,EQ,2018-12-18,1562.0,1555.0,1563.0,1529.45,1563.0,1555.5,1552.84,133852,207851033.05,6289,35026,26.17,1506.021428571428,1586.7861839681264,1425.2566731747297
398,PVR,EQ,2018-12-19,1555.5,1563.7,1569.9,1543.1,1552.15,1554.6,1555.06,275529,428464556.55,12628,98726,35.83,1513.3178571428564,1591.6548471985886,1434.9808670871241
399,PVR,EQ,2018-12-20,1554.6,1550.1,1592.95,1524.4,1574.0,1573.2,1579.39,521387,823475645.65,16258,108606,20.83,1523.1178571428566,1593.7359699549806,1452.4997443307325
400,PVR,EQ,2018-12-21,1573.2,1580.0,1595.0,1533.1,1556.0,1564.5,1573.83,684626,1077485080.1,23885,137669,20.11,1526.1535714285708,1600.1383875868953,1452.1687552702463
401,PVR,EQ,2018-12-24,1564.5,1588.0,1609.9,1536.1,1546.8,1543.7,1563.08,900014,1406794647.0,32792,70625,7.85,1530.189285714285,1601.1219209132316,1459.2566505153384
402,PVR,EQ,2018-12-26,1543.7,1538.0,1554.7,1513.85,1554.7,1548.7,1533.08,261487,400881637.1,10742,26010,9.95,1535.2071428571421,1600.0510128259423,1470.363272888342
403,PVR,EQ,2018-12-27,1548.7,1554.9,1590.0,1535.1,1589.0,1583.65,1565.15,338985,530562730.15,17886,65737,19.39,1541.8357142857137,1606.117275567954,1477.5541530034734
404,PVR,EQ,2018-12-28,1583.65,1590.0,1600.8,1575.35,1582.1,1585.1,1591.02,386565,615033246.9,24209,92533,23.94,1548.9428571428566,1608.2505795242575,1489.6351347614557
405,PVR,EQ,2018-12-31,1585.1,1590.0,1611.7,1586.65,1599.0,1604.55,1603.27,485188,777886766.6,17785,133811,27.58,1558.0464285714281,1608.2830297592536,1507.8098273836026
406,PVR,EQ,2019-01-01,1604.55,1600.1,1604.55,1579.15,1599.0,1594.6,1590.54,154865,246318483.3,6842,10158,6.56,1564.7857142857138,1606.1544581273702,1523.4169704440574
407,PVR,EQ,2019-01-02,1594.6,1585.35,1604.9,1577.05,1586.0,1587.55,1590.99,237215,377405997.0,10625,41706,17.58,1567.8678571428566,1609.123544063575,1526.612170222138
408,PVR,EQ,2019-01-03,1587.55,1590.0,1611.5,1518.0,1531.05,1530.7,1559.49,613132,956172321.55,25170,68146,11.11,1567.5535714285709,1609.9362141800211,1525.1709286771206
409,PVR,EQ,2019-01-04,1530.7,1535.5,1576.95,1501.1,1573.0,1573.2,1538.69,764568,1176432953.35,31191,116247,15.2,1568.6821428571423,1610.7403188142475,1526.623966900037
410,PVR,EQ,2019-01-07,1573.2,1583.0,1597.5,1575.45,1581.1,1583.15,1586.08,283601,449815168.65,12241,43705,15.41,1570.1928571428566,1612.7337308300484,1527.6519834556648
411,PVR,EQ,2019-01-08,1583.15,1583.15,1610.0,1576.25,1602.0,1604.65,1599.24,280240,448171404.8,11774,44672,15.94,1573.703571428571,1619.0415240186326,1528.3656188385094
412,PVR,EQ,2019-01-09,1604.65,1602.0,1633.25,1601.6,1613.05,1612.7,1617.42,632162,1022473135.6,28296,139704,22.1,1577.8535714285713,1626.1957247857872,1529.5114180713554
413,PVR,EQ,2019-01-10,1612.7,1613.0,1644.8,1605.0,1639.1,1636.25,1633.74,553487,904254097.3,28044,136814,24.72,1582.3571428571427,1639.7348905828053,1524.97939513148
414,PVR,EQ,2019-01-11,1636.25,1642.0,1648.0,1635.0,1647.9,1644.95,1642.61,404115,663804542.45,24450,96697,23.93,1588.1035714285713,1653.351871899079,1522.8552709580636
415,PVR,EQ,2019-01-14,1644.95,1640.1,1644.65,1626.15,1642.0,1637.05,1634.42,235984,385696582.5,10322,63246,26.8,1594.7714285714283,1659.5503153774564,1529.9925417654001
416,PVR,EQ,2019-01-15,1637.05,1641.9,1665.0,1641.25,1659.6,1660.55,1656.4,314783,521406703.5,12782,93095,29.57,1602.760714285714,1670.580908448425,1534.940520123003
417,PVR,EQ,2019-01-16,1660.55,1660.55,1660.9,1640.0,1645.2,1646.65,1649.06,200576,330762591.5,11209,65652,32.73,1607.260714285714,1677.919549854666,1536.6018787167618
418,PVR,EQ,2019-01-17,1646.65,1646.0,1655.0,1624.9,1634.0,1634.1,1633.89,224438,366708012.9,13269,78611,35.03,1610.760714285714,1681.5451777980516,1539.9762507733763
419,PVR,EQ,2019-01-18,1634.1,1631.5,1636.9,1611.15,1615.0,1621.05,1621.24,216452,350920877.15,12657,100521,46.44,1611.9392857142852,1682.8276722924304,1541.05089913614
420,PVR,EQ,2019-01-21,1621.05,1615.1,1630.0,1609.1,1612.85,1614.9,1618.46,168269,272336766.5,7874,60971,36.23,1613.3892857142855,1683.5768605359367,1543.2017108926343
421,PVR,EQ,2019-01-22,1614.9,1613.0,1617.25,1590.1,1595.05,1598.65,1600.44,313939,502441228.3,10233,185912,59.22,1614.1821428571427,1683.3558106700148,1545.0084750442707
422,PVR,EQ,2019-01-23,1598.65,1601.0,1614.85,1591.2,1613.8,1607.2,1604.66,307882,494045275.9,14441,158771,51.57,1619.6464285714285,1669.9155575640284,1569.3772995788286
423,PVR,EQ,2019-01-24,1607.2,1616.0,1634.5,1577.0,1605.0,1600.4,1605.4,1643831,2638999352.9,57970,233610,14.21,1621.5892857142858,1665.8716346648075,1577.306936763764
424,PVR,EQ,2019-01-25,1600.4,1622.75,1622.75,1554.35,1570.0,1561.8,1578.33,451491,712602125.05,21107,149952,33.21,1620.0642857142855,1671.0171512421323,1569.1114201864386
425,PVR,EQ,2019-01-28,1561.8,1569.8,1584.9,1540.0,1574.0,1577.2,1566.89,264800,414911983.7,12892,73862,27.89,1618.1035714285713,1673.5279685043456,1562.679174352797
426,PVR,EQ,2019-01-29,1577.2,1578.0,1614.9,1571.1,1600.0,1607.65,1595.85,243283,388244095.8,15539,57994,23.84,1617.742857142857,1673.3840546241042,1562.1016596616098
427,PVR,EQ,2019-01-30,1607.65,1604.0,1614.1,1594.0,1596.95,1599.95,1600.08,196820,314928599.15,10471,97286,49.43,1615.1499999999999,1670.458268960336,1559.8417310396637
428,PVR,EQ,2019-01-31,1599.95,1597.7,1614.0,1581.5,1605.35,1605.35,1600.21,175903,281481888.3,13267,56914,32.36,1612.3214285714282,1665.0551677973874,1559.587689345469
429,PVR,EQ,2019-02-01,1605.35,1605.95,1645.0,1558.2,1567.0,1569.6,1596.17,858713,1370651384.8,39593,232404,27.06,1607.5035714285711,1662.7691047728565,1552.2380380842858
430,PVR,EQ,2019-02-04,1569.6,1570.0,1597.75,1547.4,1577.15,1577.15,1577.95,228250,360167725.5,16295,46690,20.46,1601.5464285714284,1649.7032152053514,1553.3896419375053
431,PVR,EQ,2019-02-05,1577.15,1580.0,1607.95,1572.15,1595.0,1596.95,1594.62,176760,281864731.55,8739,40306,22.8,1597.9964285714284,1638.5592282071752,1557.4336289356816
432,PVR,EQ,2019-02-06,1596.95,1595.55,1620.0,1583.0,1595.5,1593.5,1593.84,137375,218954141.95,8486,16712,12.17,1595.0964285714285,1629.9427607763519,1560.2500963665052
433,PVR,EQ,2019-02-07,1593.5,1590.1,1598.1,1561.0,1566.0,1565.25,1570.5,218322,342875654.75,10120,101756,46.61,1591.1107142857143,1625.9341630296503,1556.2872655417782
434,PVR,EQ,2019-02-08,1565.25,1561.3,1561.3,1501.1,1506.0,1510.1,1522.23,431064,656178459.4,19077,103326,23.97,1583.6249999999998,1636.6953125761186,1530.554687423881
435,PVR,EQ,2019-02-11,1510.1,1510.2,1520.45,1452.6,1498.9,1494.95,1477.66,353463,522296479.1,14601,87888,24.86,1576.217857142857,1646.4326332247012,1506.0030810610126
436,PVR,EQ,2019-02-12,1494.95,1500.0,1514.85,1446.9,1455.0,1454.9,1471.11,252452,371383489.0,14810,61190,24.24,1565.3392857142856,1658.364006817159,1472.3145646114122
437,PVR,EQ,2019-02-13,1454.9,1461.0,1481.0,1445.6,1477.9,1476.15,1466.67,203413,298340512.7,11766,43602,21.44,1556.4642857142856,1658.3646173252334,1454.5639541033377
438,PVR,EQ,2019-02-14,1476.15,1478.0,1510.6,1432.0,1488.0,1489.5,1465.74,344831,505434037.0,15810,87273,25.31,1551.2999999999997,1659.1878620106738,1443.4121379893256
439,PVR,EQ,2019-02-15,1489.5,1476.7,1502.95,1449.45,1495.0,1494.0,1476.23,363190,536151375.55,16566,84950,23.39,1545.3571428571427,1656.2241515945352,1434.49013411975
440,PVR,EQ,2019-02-18,1494.0,1497.0,1500.0,1435.0,1443.0,1443.4,1460.26,222317,324640457.85,9977,42324,19.04,1533.6249999999998,1650.6854166823673,1416.5645833176322
441,PVR,EQ,2019-02-19,1443.4,1431.3,1507.8,1431.3,1495.5,1490.75,1483.42,575492,853694238.1,20926,194187,33.74,1525.8249999999996,1638.3111820573947,1413.3388179426045
442,PVR,EQ,2019-02-20,1490.75,1495.5,1519.0,1464.0,1466.6,1472.5,1487.98,594897,885193821.75,28283,78284,13.16,1516.3357142857142,1622.1387055810276,1410.5327229904008
443,PVR,EQ,2019-02-21,1472.5,1472.9,1494.0,1472.1,1481.45,1482.25,1481.71,200369,296888608.65,11025,46331,23.12,1510.0964285714285,1612.6201778972668,1407.5726792455903
444,PVR,EQ,2019-02-22,1482.25,1482.95,1504.85,1465.5,1489.15,1491.9,1489.22,276039,411083974.65,17025,77342,28.02,1504.0071428571428,1599.242808906765,1408.7714768075205
445,PVR,EQ,2019-02-25,1491.9,1489.9,1504.8,1485.1,1491.3,1491.65,1496.26,163023,243925447.3,6869,40484,24.83,1496.4857142857143,1575.3220045291275,1417.649424042301
446,PVR,EQ,2019-02-26,1491.65,1472.3,1517.45,1465.7,1509.4,1509.0,1498.36,349990,524411352.6,14950,136958,39.13,1490.45,1547.1111792215113,1433.7888207784888
447,PVR,EQ,2019-02-27,1509.0,1508.9,1545.0,1497.15,1505.0,1507.7,1525.28,573206,874297625.65,25643,160274,27.96,1486.3392857142858,1525.168461473151,1447.5101099554206
448,PVR,EQ,2019-02-28,1507.7,1511.0,1522.0,1486.0,1495.05,1502.6,1499.14,242425,363428011.85,9591,38160,15.74,1485.8035714285713,1523.4082451210716,1448.198897736071
449,PVR,EQ,2019-03-01,1502.6,1510.6,1524.85,1487.0,1493.0,1491.2,1502.65,174204,261767926.5,7617,40351,23.16,1485.5357142857142,1522.912474415575,1448.1589541558535
450,PVR,EQ,2019-03-05,1491.2,1498.3,1555.0,1484.4,1543.3,1523.5,1508.43,269972,407233986.9,15823,95737,35.46,1490.435714285714,1528.4920374957499,1452.3793910756783
451,PVR,EQ,2019-03-06,1523.5,1534.95,1539.05,1511.0,1524.6,1526.3,1526.66,213881,326524512.5,10868,46736,21.85,1494.0178571428569,1535.5628023532006,1452.4729119325132
452,PVR,EQ,2019-03-07,1526.3,1521.0,1528.65,1510.35,1522.0,1519.55,1520.19,130947,199064473.4,6710,35765,27.31,1496.1642857142854,1539.7582942753318,1452.570277153239
453,PVR,EQ,2019-03-08,1519.55,1522.0,1554.55,1522.0,1541.9,1542.4,1541.8,478283,737417349.45,17199,75223,15.73,1499.6214285714284,1549.6741809630905,1449.5686761797663
454,PVR,EQ,2019-03-11,1542.4,1542.4,1559.8,1535.0,1540.0,1542.65,1546.05,237783,367624122.55,12148,76412,32.14,1506.7107142857142,1550.137579040387,1463.2838495310414
455,PVR,EQ,2019-03-12,1542.65,1542.65,1636.2,1542.25,1632.55,1632.55,1603.13,748504,1199947191.4,30117,182985,24.45,1516.8392857142856,1595.8206874060124,1437.8578840225587
456,PVR,EQ,2019-03-13,1632.55,1632.5,1657.95,1600.55,1626.0,1620.7,1628.38,649563,1057733168.4,34571,130116,20.03,1527.4249999999997,1619.455051530022,1435.3949484699774
457,PVR,EQ,2019-03-14,1620.7,1635.0,1645.0,1617.3,1634.05,1634.8,1633.19,289790,473281047.3,17912,60393,20.84,1538.3214285714282,1642.6173589757557,1434.0254981671007
458,PVR,EQ,2019-03-15,1634.8,1640.0,1659.0,1623.1,1632.0,1631.1,1643.93,328664,540299202.1,16274,96256,29.29,1548.2642857142853,1659.7868976234236,1436.741673805147
459,PVR,EQ,2019-03-18,1631.1,1649.0,1700.8,1637.0,1697.0,1691.3,1681.82,1053030,1771009860.3,42806,145536,13.82,1562.5249999999994,1692.4102614958656,1432.6397385041332
460,PVR,EQ,2019-03-19,1691.3,1702.0,1708.7,1682.45,1688.05,1695.4,1696.69,486289,825081233.25,18024,81636,16.79,1575.839285714285,1719.5667477793054,1432.1118236492648
461,PVR,EQ,2019-03-20,1695.4,1688.0,1693.4,1622.1,1632.95,1628.45,1648.33,585179,964566676.3,23595,168515,28.8,1584.464285714285,1725.035211850271,1443.8933595782992
462,PVR,EQ,2019-03-22,1628.45,1634.4,1665.0,1601.2,1616.0,1615.4,1627.19,651430,1059999840.35,26732,99486,15.27,1592.5214285714283,1725.6113502512867,1459.4315068915698
463,PVR,EQ,2019-03-25,1615.4,1605.6,1614.25,1580.0,1589.0,1583.8,1591.12,312885,497837283.55,12324,99400,31.77,1599.135714285714,1719.090272531575,1479.1811560398528
464,PVR,EQ,2019-03-26,1583.8,1572.0,1596.0,1551.0,1570.0,1564.05,1567.52,489584,767435060.95,24874,174860,35.72,1602.0321428571424,1715.9246131096725,1488.1396726046123
465,PVR,EQ,2019-03-27,1564.05,1582.0,1624.0,1565.0,1606.0,1606.0,1606.48,738814,1186893185.0,27087,91393,12.37,1607.7249999999997,1712.9486062283363,1502.501393771663
466,PVR,EQ,2019-03-28,1606.0,1616.0,1665.0,1610.0,1638.95,1642.85,1633.3,705354,1152053349.95,27795,194068,27.51,1616.5321428571424,1709.9411492351746,1523.1231364791101
467,PVR,EQ,2019-03-29,1642.85,1642.85,1674.0,1631.3,1646.5,1646.7,1651.57,665870,1099730608.6,24120,351059,52.72,1623.9821428571424,1708.0965851105882,1539.8677006036967
468,PVR,EQ,2019-04-01,1646.7,1664.95,1679.75,1644.1,1647.0,1650.6,1661.19,230689,383217514.4,12771,43731,18.96,1631.6928571428564,1702.416042951988,1560.9696713337248
469,PVR,EQ,2019-04-02,1650.6,1664.0,1668.95,1637.55,1659.6,1656.75,1657.84,332978,552023722.25,20201,96630,29.02,1633.421428571428,1705.4065628731955,1561.4362942696603
470,PVR,EQ,2019-04-03,1656.75,1656.0,1662.0,1635.65,1645.0,1640.35,1648.21,193714,319280994.75,13132,43449,22.43,1634.8249999999991,1706.5072770715167,1563.1427229284816
471,PVR,EQ,2019-04-04,1640.35,1640.5,1664.0,1620.6,1659.1,1657.9,1645.18,384609,632752580.85,11069,128348,33.37,1636.4749999999992,1709.2105034459948,1563.7394965540036
472,PVR,EQ,2019-04-05,1657.9,1670.0,1682.05,1655.55,1675.0,1678.2,1667.41,281610,469560162.8,15659,47749,16.96,1639.839285714285,1715.7898787496365,1563.8886926789337
473,PVR,EQ,2019-04-08,1678.2,1678.0,1699.0,1669.7,1681.4,1681.9,1686.32,348832,588242546.75,21244,74213,21.27,1639.1678571428567,1713.303259327959,1565.0324549577545
474,PVR,EQ,2019-04-09,1681.9,1681.4,1687.0,1655.0,1674.0,1680.25,1671.04,255249,426531232.1,17103,55951,21.92,1638.0857142857137,1709.0602105564385,1567.111218014989
475,PVR,EQ,2019-04-10,1680.25,1680.0,1720.65,1670.0,1698.0,1694.65,1699.61,410044,696916835.55,15931,40871,9.97,1642.8142857142852,1719.605956221865,1566.0226152067055
476,PVR,EQ,2019-04-11,1694.65,1698.9,1733.0,1683.6,1719.0,1718.55,1715.95,797009,1367631321.05,36640,201344,25.26,1650.1821428571423,1735.0158862084354,1565.348399505849
477,PVR,EQ,2019-04-12,1718.55,1718.55,1720.0,1690.75,1698.0,1696.45,1703.64,408161,695361293.95,21980,125696,30.8,1658.228571428571,1737.0997976753745,1579.3573451817676
478,PVR,EQ,2019-04-15,1696.45,1696.5,1717.65,1694.0,1700.0,1699.45,1702.59,282151,480387651.0,16758,103773,36.78,1667.8999999999996,1727.9954881194242,1607.804511880575
479,PVR,EQ,2019-04-16,1699.45,1700.1,1739.95,1695.3,1715.0,1716.85,1716.5,450635,773516206.7,21550,126591,28.09,1675.8178571428566,1729.666842664986,1621.9688716207272
480,PVR,EQ,2019-04-18,1716.85,1719.7,1728.3,1660.15,1712.1,1710.05,1693.18,628687,1064477612.8,23806,108619,17.28,1680.6178571428568,1733.7836877999134,1627.4520264858002
481,PVR,EQ,2019-04-22,1710.05,1708.9,1708.9,1670.1,1700.0,1694.05,1687.03,272916,460418223.85,11656,28574,10.47,1683.9999999999995,1733.7882439012815,1634.2117560987176
482,PVR,EQ,2019-04-23,1694.05,1700.0,1716.95,1664.75,1669.0,1670.55,1692.24,306991,519501466.4,14776,45178,14.72,1685.4249999999995,1732.1426090998273,1638.7073909001717
483,PVR,EQ,2019-04-24,1670.55,1679.9,1718.2,1674.95,1706.0,1711.7,1700.05,354233,602213346.5,18204,60319,17.03,1689.3499999999997,1734.908685737828,1643.7913142621715
484,PVR,EQ,2019-04-25,1711.7,1719.6,1728.8,1703.0,1721.0,1715.1,1717.15,418738,719034553.45,15458,51824,12.38,1694.6892857142852,1732.3461612449194,1657.032410183651
485,PVR,EQ,2019-04-26,1715.1,1728.85,1729.9,1705.0,1720.0,1718.35,1716.97,307866,528595532.85,14389,37237,12.1,1699.0071428571423,1732.0758093452416,1665.938476369043
486,PVR,EQ,2019-04-30,1718.35,1701.75,1780.0,1696.65,1770.5,1769.45,1753.87,1094199,1919084001.35,33934,426043,38.94,1705.5249999999994,1753.526598531121,1657.5234014688779
487,PVR,EQ,2019-05-02,1769.45,1769.0,1813.0,1755.05,1807.0,1805.0,1798.75,947912,1705053459.25,31215,274787,28.99,1714.3178571428564,1783.9172228246016,1644.7184914611112
488,PVR,EQ,2019-05-03,1805.0,1807.0,1815.05,1793.4,1803.65,1808.1,1806.12,493618,891535294.45,18371,110289,22.34,1723.4499999999991,1806.1173779953128,1640.7826220046854
489,PVR,EQ,2019-05-06,1808.1,1771.85,1823.95,1771.85,1795.0,1802.3,1806.75,840671,1518882663.55,28035,243711,28.99,1731.1392857142848,1821.8972747974633,1640.3812966311064
490,PVR,EQ,2019-05-07,1802.3,1795.0,1802.15,1772.45,1780.0,1780.1,1790.6,298337,534202792.75,19285,66333,22.23,1735.5357142857133,1829.5706540161916,1641.500774555235
491,PVR,EQ,2019-05-08,1780.1,1775.1,1777.45,1742.0,1749.0,1748.5,1758.96,369364,649695027.3,23001,84617,22.91,1739.2535714285702,1830.7122082692322,1647.7949345879083
492,PVR,EQ,2019-05-09,1748.5,1750.0,1769.25,1740.0,1764.0,1758.45,1757.26,341158,599502153.05,23934,66607,19.52,1743.467857142856,1832.4289602000222,1654.5067540856899
493,PVR,EQ,2019-05-10,1758.45,1772.0,1776.0,1696.7,1715.0,1715.4,1725.13,792063,1366408356.2,34274,55503,7.01,1743.3642857142847,1832.462152636646,1654.2664187919236
494,PVR,EQ,2019-05-13,1715.4,1724.0,1749.5,1706.25,1730.2,1724.0,1730.67,432503,748521172.7,14494,47849,11.06,1744.3607142857134,1832.1561599234578,1656.5652686479689
